Behaviour,Actor,Receiver,T_start,T_stop
T,0x0001,0x0029,2020-02-11T11:53:34.165655Z,2020-02-11T11:54:18.790895Z
SG,0x0001,NA,2020-02-11T11:54:24.790929Z,2020-02-11T11:54:28.165942Z
SG,0x0001,NA,2020-02-11T11:54:51.291076Z,2020-02-11T11:55:03.916076Z
SG,0x0001,NA,2020-02-11T11:55:12.916100Z,2020-02-11T11:55:20.541155Z
T,0x0001,0x0002,2020-02-11T11:55:24.791236Z,2020-02-11T11:55:25.791258Z
W,0x0001,NA,2020-02-11T11:56:00.291389Z,2020-02-11T11:56:04.541408Z
W,0x0001,NA,2020-02-11T11:56:21.791562Z,2020-02-11T11:56:37.916596Z
W,0x0001,NA,2020-02-11T11:56:41.541599Z,2020-02-11T11:56:45.791654Z
AC,0x0001,0x002B,2020-02-11T11:57:30.166931Z,2020-02-11T11:57:31.416852Z
AC,0x0001,0x0020,2020-02-11T11:57:35.541880Z,2020-02-11T11:57:38.792277Z
AC,0x0001,0x0020,2020-02-11T11:57:58.292097Z,2020-02-11T11:57:59.792111Z
W,0x0001,NA,2020-02-11T11:58:22.917228Z,2020-02-11T11:58:24.542172Z
AC,0x0001,0x001F,2020-02-11T11:58:24.792246Z,2020-02-11T11:58:25.917252Z
W,0x0001,NA,2020-02-11T11:58:26.292199Z,2020-02-11T11:58:31.542184Z
W,0x0001,NA,2020-02-11T12:01:21.668171Z,2020-02-11T12:01:27.043136Z
W,0x0001,NA,2020-02-11T12:01:28.043132Z,2020-02-11T12:01:35.543167Z
W,0x0001,NA,2020-02-11T12:01:48.293299Z,2020-02-11T12:01:51.668334Z
AC,0x0001,0x0002,2020-02-11T12:02:06.168408Z,2020-02-11T12:02:08.168407Z
AC,0x0001,0x0022,2020-02-11T12:02:22.918428Z,2020-02-11T12:02:24.293741Z
W,0x0001,NA,2020-02-11T12:02:32.668547Z,2020-02-11T12:02:35.918572Z
W,0x0001,NA,2020-02-11T12:03:04.918654Z,2020-02-11T12:03:08.543669Z
T,0x0001,0x0044,2020-02-11T12:03:08.543669Z,2020-02-11T12:03:26.293830Z
AC,0x0001,0x0017,2020-02-11T12:04:17.919050Z,2020-02-11T12:04:18.669099Z
W,0x0001,NA,2020-02-11T12:07:05.169994Z,2020-02-11T12:07:12.544940Z
AC,0x0001,0x0040,2020-02-11T12:07:59.670280Z,2020-02-11T12:08:01.170284Z
AC,0x0001,0x001E,2020-02-11T12:08:57.545516Z,2020-02-11T12:08:59.420523Z
SG,0x0001,NA,2020-02-11T12:09:11.420596Z,2020-02-11T12:09:24.545646Z
SG,0x0001,NA,2020-02-11T12:09:44.920836Z,2020-02-11T12:10:17.921022Z
SG,0x0001,NA,2020-02-11T12:10:39.671383Z,2020-02-11T12:11:42.671477Z
SG,0x0001,NA,2020-02-11T12:12:27.296649Z,2020-02-11T12:13:21.922013Z
W,0x0001,NA,2020-02-11T12:15:26.672613Z,2020-02-11T12:15:28.547627Z
AC,0x0001,0x0025,2020-02-11T12:17:07.173222Z,2020-02-11T12:17:10.798227Z
R,0x0001,NA,2020-02-11T12:17:16.173275Z,2020-02-11T12:17:22.923232Z
W,0x0001,NA,2020-02-11T12:18:30.798680Z,2020-02-11T12:18:33.548631Z
W,0x0001,NA,2020-02-11T12:20:15.549161Z,2020-02-11T12:20:20.549203Z
AC,0x0001,0x002F,2020-02-11T12:20:20.549203Z,2020-02-11T12:20:21.049204Z
AC,0x0001,0x0023,2020-02-11T12:21:37.674685Z,2020-02-11T12:21:38.549689Z
W,0x0001,NA,2020-02-11T12:21:47.049680Z,2020-02-11T12:21:50.175049Z
AC,0x0002,0x0022,2020-02-11T11:54:10.415834Z,2020-02-11T11:54:12.915853Z
W,0x0002,NA,2020-02-11T11:54:14.290812Z,2020-02-11T11:54:15.665804Z
AC,0x0002,0x0009,2020-02-11T11:54:15.915832Z,2020-02-11T11:54:16.665881Z
W,0x0002,NA,2020-02-11T11:54:17.165870Z,2020-02-11T11:54:27.540875Z
AC,0x0002,0x0030,2020-02-11T11:54:36.665926Z,2020-02-11T11:54:37.790949Z
W,0x0002,NA,2020-02-11T11:55:08.916165Z,2020-02-11T11:55:11.916188Z
AC,0x0002,0x0031,2020-02-11T11:55:15.291121Z,2020-02-11T11:55:16.041146Z
W,0x0002,NA,2020-02-11T11:56:15.166529Z,2020-02-11T11:56:16.416535Z
W,0x0002,NA,2020-02-11T11:56:59.666758Z,2020-02-11T11:57:05.541740Z
SG,0x0002,NA,2020-02-11T11:57:26.916916Z,2020-02-11T11:57:33.041948Z
SG,0x0002,NA,2020-02-11T11:57:41.416931Z,2020-02-11T11:58:13.042173Z
SG,0x0002,NA,2020-02-11T11:58:17.292154Z,2020-02-11T11:58:19.667212Z
SG,0x0002,NA,2020-02-11T11:58:20.792216Z,2020-02-11T11:59:06.792482Z
AC,0x0002,0x0030,2020-02-11T11:59:09.917483Z,2020-02-11T11:59:11.917493Z
AC,0x0002,0x0030,2020-02-11T11:59:45.417603Z,2020-02-11T11:59:48.417693Z
AC,0x0002,0x0001,2020-02-11T12:02:06.418395Z,2020-02-11T12:02:07.793355Z
W,0x0002,NA,2020-02-11T12:02:18.543390Z,2020-02-11T12:02:20.793414Z
W,0x0002,NA,2020-02-11T12:02:33.668554Z,2020-02-11T12:02:35.418491Z
AC,0x0002,0x0038,2020-02-11T12:02:39.793579Z,2020-02-11T12:02:40.793535Z
T,0x0002,0x0023,2020-02-11T12:04:38.169203Z,2020-02-11T12:05:34.294502Z
W,0x0002,NA,2020-02-11T12:06:00.169641Z,2020-02-11T12:06:02.419657Z
AC,0x0002,0x0034,2020-02-11T12:06:19.669745Z,2020-02-11T12:06:21.295044Z
AC,0x0002,0x0010,2020-02-11T12:06:29.919757Z,2020-02-11T12:06:31.669813Z
SG,0x0002,NA,2020-02-11T12:06:34.044754Z,2020-02-11T12:06:38.044778Z
T,0x0002,0x001B,2020-02-11T12:07:36.170102Z,2020-02-11T12:08:10.420280Z
W,0x0002,NA,2020-02-11T12:08:15.295306Z,2020-02-11T12:08:24.545314Z
AC,0x0002,0x001C,2020-02-11T12:09:08.295634Z,2020-02-11T12:09:08.795580Z
SG,0x0002,NA,2020-02-11T12:09:15.045606Z,2020-02-11T12:09:21.420658Z
SG,0x0002,NA,2020-02-11T12:09:26.420751Z,2020-02-11T12:09:32.295779Z
AC,0x0002,0x0014,2020-02-11T12:09:34.545719Z,2020-02-11T12:09:35.420719Z
SG,0x0002,NA,2020-02-11T12:09:40.545742Z,2020-02-11T12:09:44.670848Z
SG,0x0002,NA,2020-02-11T12:09:48.795794Z,2020-02-11T12:09:57.545848Z
SG,0x0002,NA,2020-02-11T12:10:02.795937Z,2020-02-11T12:10:17.545947Z
SG,0x0002,NA,2020-02-11T12:10:31.171084Z,2020-02-11T12:10:45.046152Z
W,0x0002,NA,2020-02-11T12:11:05.421267Z,2020-02-11T12:11:12.046245Z
AC,0x0002,0x001B,2020-02-11T12:11:12.296316Z,2020-02-11T12:11:14.546263Z
AC,0x0002,0x002C,2020-02-11T12:11:30.296352Z,2020-02-11T12:11:31.296346Z
W,0x0002,NA,2020-02-11T12:11:50.296448Z,2020-02-11T12:11:55.671457Z
SG,0x0002,NA,2020-02-11T12:13:39.547086Z,2020-02-11T12:13:42.422117Z
W,0x0002,NA,2020-02-11T12:13:45.297063Z,2020-02-11T12:13:48.672090Z
W,0x0002,NA,2020-02-11T12:13:55.297120Z,2020-02-11T12:14:00.172119Z
R,0x0002,NA,2020-02-11T12:14:13.797291Z,2020-02-11T12:14:22.172255Z
AC,0x0002,0x0011,2020-02-11T12:14:27.797309Z,2020-02-11T12:14:28.172315Z
R,0x0002,NA,2020-02-11T12:14:36.297342Z,2020-02-11T12:14:56.922522Z
AC,0x0002,0x002F,2020-02-11T12:15:05.547555Z,2020-02-11T12:15:06.297501Z
W,0x0002,NA,2020-02-11T12:15:10.797884Z,2020-02-11T12:15:25.672614Z
T,0x0002,0x001E,2020-02-11T12:15:26.172586Z,2020-02-11T12:16:09.422874Z
W,0x0002,NA,2020-02-11T12:16:18.797948Z,2020-02-11T12:16:25.672992Z
W,0x0002,NA,2020-02-11T12:17:16.048175Z,2020-02-11T12:17:37.673321Z
SG,0x0002,NA,2020-02-11T12:18:04.673531Z,2020-02-11T12:18:10.798565Z
W,0x0002,NA,2020-02-11T12:18:11.423522Z,2020-02-11T12:18:12.173575Z
AC,0x0002,0x0025,2020-02-11T12:18:23.048573Z,2020-02-11T12:18:24.173645Z
T,0x0002,0x0022,2020-02-11T12:18:56.173817Z,2020-02-11T12:21:58.049701Z
SG,0x0002,NA,2020-02-11T12:22:24.799876Z,2020-02-11T12:22:50.425075Z
SG,0x0002,NA,2020-02-11T12:23:08.675195Z,2020-02-11T12:23:14.800209Z
AC,0x0003,0x0006,2020-02-11T11:54:24.915928Z,2020-02-11T11:54:26.915933Z
R,0x0003,NA,2020-02-11T11:55:41.916339Z,2020-02-11T11:55:45.291358Z
T,0x0003,0x003D,2020-02-11T11:55:48.666315Z,2020-02-11T11:56:17.916549Z
W,0x0003,NA,2020-02-11T12:02:03.793398Z,2020-02-11T12:02:06.793359Z
R,0x0003,NA,2020-02-11T12:02:29.793527Z,2020-02-11T12:03:27.418768Z
R,0x0003,NA,2020-02-11T12:03:34.293862Z,2020-02-11T12:03:56.918962Z
SG,0x0003,NA,2020-02-11T12:04:59.544246Z,2020-02-11T12:05:06.419357Z
AC,0x0003,0x0042,2020-02-11T12:05:38.794536Z,2020-02-11T12:05:40.044493Z
SG,0x0003,NA,2020-02-11T12:06:00.669636Z,2020-02-11T12:06:11.419631Z
SG,0x0003,NA,2020-02-11T12:06:19.794749Z,2020-02-11T12:06:26.794724Z
W,0x0003,NA,2020-02-11T12:07:24.545033Z,2020-02-11T12:07:25.795088Z
AC,0x0003,0x001C,2020-02-11T12:07:26.045081Z,2020-02-11T12:07:27.420026Z
R,0x0003,NA,2020-02-11T12:07:50.420220Z,2020-02-11T12:08:26.920416Z
W,0x0003,NA,2020-02-11T12:11:16.296269Z,2020-02-11T12:11:18.921347Z
SG,0x0003,NA,2020-02-11T12:12:04.921594Z,2020-02-11T12:12:10.671621Z
R,0x0003,NA,2020-02-11T12:12:57.171874Z,2020-02-11T12:13:11.171944Z
R,0x0003,NA,2020-02-11T12:13:48.922159Z,2020-02-11T12:14:23.047322Z
SG,0x0003,NA,2020-02-11T12:14:38.922427Z,2020-02-11T12:14:48.172411Z
AC,0x0003,0x0009,2020-02-11T12:16:07.547896Z,2020-02-11T12:16:10.047906Z
SG,0x0003,NA,2020-02-11T12:17:26.673331Z,2020-02-11T12:17:28.673327Z
SG,0x0003,NA,2020-02-11T12:18:05.923498Z,2020-02-11T12:18:23.673642Z
W,0x0003,NA,2020-02-11T12:19:20.173943Z,2020-02-11T12:19:23.423947Z
W,0x0003,NA,2020-02-11T12:19:32.299006Z,2020-02-11T12:19:40.923975Z
AC,0x0003,0x002F,2020-02-11T12:19:41.299053Z,2020-02-11T12:19:42.923992Z
W,0x0003,NA,2020-02-11T12:19:49.299116Z,2020-02-11T12:19:54.174122Z
AC,0x0003,0x003D,2020-02-11T12:19:54.174122Z,2020-02-11T12:20:14.799182Z
W,0x0003,NA,2020-02-11T12:20:21.799271Z,2020-02-11T12:20:24.174278Z
W,0x0005,NA,2020-02-11T11:53:53.415685Z,2020-02-11T11:53:56.290786Z
W,0x0005,NA,2020-02-11T11:54:18.790895Z,2020-02-11T11:54:24.290856Z
SG,0x0005,NA,2020-02-11T11:54:41.166018Z,2020-02-11T11:54:43.040972Z
AC,0x0005,0x0002,2020-02-11T11:54:54.916082Z,2020-02-11T11:54:56.291083Z
SG,0x0005,NA,2020-02-11T11:55:11.166183Z,2020-02-11T11:55:17.041215Z
SG,0x0005,NA,2020-02-11T11:55:20.916185Z,2020-02-11T11:55:22.541176Z
SG,0x0005,NA,2020-02-11T11:55:29.416208Z,2020-02-11T11:55:32.041229Z
SG,0x0005,NA,2020-02-11T11:56:05.791482Z,2020-02-11T11:56:12.791503Z
AC,0x0005,0x002B,2020-02-11T11:56:20.791561Z,2020-02-11T11:56:21.916575Z
SG,0x0005,NA,2020-02-11T11:56:24.291574Z,2020-02-11T11:59:29.167572Z
SG,0x0005,NA,2020-02-11T11:59:32.167599Z,2020-02-11T11:59:40.667647Z
SG,0x0005,NA,2020-02-11T12:00:02.792763Z,2020-02-11T12:00:16.917821Z
AC,0x0005,0x0025,2020-02-11T12:00:53.417953Z,2020-02-11T12:00:54.917944Z
SG,0x0005,NA,2020-02-11T12:00:57.293033Z,2020-02-11T12:01:00.168049Z
AC,0x0005,0x0024,2020-02-11T12:01:01.417999Z,2020-02-11T12:01:02.793077Z
AC,0x0005,0x0002,2020-02-11T12:02:09.668427Z,2020-02-11T12:02:10.918433Z
SG,0x0005,NA,2020-02-11T12:02:15.668446Z,2020-02-11T12:02:20.168474Z
R,0x0005,NA,2020-02-11T12:03:39.043885Z,2020-02-11T12:03:42.418903Z
SG,0x0005,NA,2020-02-11T12:03:49.793962Z,2020-02-11T12:03:50.918904Z
R,0x0005,NA,2020-02-11T12:05:02.544270Z,2020-02-11T12:05:45.169567Z
AC,0x0005,0x000C,2020-02-11T12:05:55.794608Z,2020-02-11T12:05:57.169619Z
R,0x0005,NA,2020-02-11T12:06:08.419683Z,2020-02-11T12:06:29.419733Z
AC,0x0005,0x002F,2020-02-11T12:07:24.170082Z,2020-02-11T12:07:26.170097Z
AC,0x0005,0x0012,2020-02-11T12:09:19.420642Z,2020-02-11T12:09:20.670708Z
W,0x0005,NA,2020-02-11T12:09:52.920819Z,2020-02-11T12:09:56.920839Z
W,0x0005,NA,2020-02-11T12:10:19.170970Z,2020-02-11T12:10:23.671052Z
AC,0x0005,0x0038,2020-02-11T12:14:40.172354Z,2020-02-11T12:14:43.547422Z
W,0x0005,NA,2020-02-11T12:14:52.672499Z,2020-02-11T12:14:58.172437Z
AC,0x0005,0x0034,2020-02-11T12:15:13.797606Z,2020-02-11T12:15:16.297629Z
R,0x0005,NA,2020-02-11T12:17:01.548098Z,2020-02-11T12:17:21.173309Z
AC,0x0005,0x003A,2020-02-11T12:17:26.423331Z,2020-02-11T12:17:28.673327Z
R,0x0005,NA,2020-02-11T12:17:40.548334Z,2020-02-11T12:17:53.298477Z
R,0x0005,NA,2020-02-11T12:18:06.173541Z,2020-02-11T12:18:31.173683Z
R,0x0005,NA,2020-02-11T12:19:40.048974Z,2020-02-11T12:19:49.299116Z
AC,0x0005,0x003A,2020-02-11T12:19:56.049066Z,2020-02-11T12:19:58.549143Z
W,0x0005,NA,2020-02-11T12:20:04.924119Z,2020-02-11T12:20:10.174207Z
W,0x0005,NA,2020-02-11T12:21:04.174497Z,2020-02-11T12:21:06.549450Z
W,0x0005,NA,2020-02-11T12:21:54.174776Z,2020-02-11T12:21:58.049701Z
AC,0x0005,0x0019,2020-02-11T12:21:58.424752Z,2020-02-11T12:21:59.049738Z
AC,0x0005,0x003D,2020-02-11T12:23:03.550100Z,2020-02-11T12:23:04.800162Z
AC,0x0006,0x0036,2020-02-11T11:54:20.540844Z,2020-02-11T11:54:21.415846Z
AC,0x0006,0x0003,2020-02-11T11:54:24.915928Z,2020-02-11T11:54:27.040942Z
R,0x0006,NA,2020-02-11T11:55:36.666323Z,2020-02-11T11:56:08.166489Z
SG,0x0006,NA,2020-02-11T11:59:25.292498Z,2020-02-11T12:00:17.667839Z
SG,0x0006,NA,2020-02-11T12:00:25.792828Z,2020-02-11T12:01:19.668165Z
SG,0x0006,NA,2020-02-11T12:01:55.918357Z,2020-02-11T12:02:11.043364Z
AC,0x0006,0x000E,2020-02-11T12:02:47.168622Z,2020-02-11T12:02:48.043571Z
W,0x0006,NA,2020-02-11T12:04:57.669299Z,2020-02-11T12:05:03.044289Z
W,0x0006,NA,2020-02-11T12:05:13.044408Z,2020-02-11T12:05:18.044360Z
W,0x0006,NA,2020-02-11T12:05:20.669429Z,2020-02-11T12:05:23.294383Z
AC,0x0006,0x0036,2020-02-11T12:05:36.669524Z,2020-02-11T12:05:38.794536Z
AC,0x0006,0x0016,2020-02-11T12:06:09.169682Z,2020-02-11T12:06:10.419642Z
TB,0x0006,NA,2020-02-11T12:06:25.294767Z,2020-02-11T12:06:29.169744Z
AC,0x0006,0x003F,2020-02-11T12:06:30.794750Z,2020-02-11T12:06:33.419756Z
AC,0x0006,0x000D,2020-02-11T12:06:59.544892Z,2020-02-11T12:07:05.669906Z
R,0x0006,NA,2020-02-11T12:07:22.795022Z,2020-02-11T12:07:31.045152Z
T,0x0006,0x003F,2020-02-11T12:07:34.420136Z,2020-02-11T12:08:09.545286Z
W,0x0006,NA,2020-02-11T12:08:13.295358Z,2020-02-11T12:08:18.170378Z
AC,0x0006,0x0014,2020-02-11T12:08:18.420365Z,2020-02-11T12:08:20.295362Z
AC,0x0006,0x003D,2020-02-11T12:08:34.795463Z,2020-02-11T12:08:35.920474Z
AC,0x0006,0x0042,2020-02-11T12:09:26.170751Z,2020-02-11T12:09:34.920744Z
W,0x0006,NA,2020-02-11T12:09:38.045731Z,2020-02-11T12:09:41.045746Z
W,0x0006,NA,2020-02-11T12:12:01.296533Z,2020-02-11T12:12:03.421532Z
AC,0x0006,0x0038,2020-02-11T12:12:27.921633Z,2020-02-11T12:12:29.796653Z
W,0x0006,NA,2020-02-11T12:12:35.671697Z,2020-02-11T12:12:37.421685Z
W,0x0006,NA,2020-02-11T12:12:48.546826Z,2020-02-11T12:12:53.671859Z
AC,0x0006,0x0037,2020-02-11T12:12:56.921819Z,2020-02-11T12:12:58.921822Z
W,0x0006,NA,2020-02-11T12:13:03.796832Z,2020-02-11T12:13:06.671925Z
R,0x0006,NA,2020-02-11T12:14:00.047155Z,2020-02-11T12:14:06.672246Z
R,0x0006,NA,2020-02-11T12:14:12.672271Z,2020-02-11T12:14:45.547405Z
R,0x0006,NA,2020-02-11T12:15:09.422502Z,2020-02-11T12:15:25.422916Z
R,0x0006,NA,2020-02-11T12:16:33.547970Z,2020-02-11T12:16:37.047996Z
FR,0x0006,0x0038,2020-02-11T12:16:41.298082Z,2020-02-11T12:16:43.423012Z
SG,0x0006,NA,2020-02-11T12:16:50.298119Z,2020-02-11T12:16:51.048075Z
AC,0x0006,0x0025,2020-02-11T12:17:41.298396Z,2020-02-11T12:17:43.423386Z
W,0x0006,NA,2020-02-11T12:17:55.798489Z,2020-02-11T12:18:10.173567Z
AC,0x0006,0x002B,2020-02-11T12:18:12.798565Z,2020-02-11T12:18:13.798579Z
AC,0x0006,0x0040,2020-02-11T12:18:24.298626Z,2020-02-11T12:18:25.548587Z
AC,0x0006,0x001E,2020-02-11T12:19:02.798829Z,2020-02-11T12:19:04.048779Z
W,0x0006,NA,2020-02-11T12:19:12.298901Z,2020-02-11T12:19:14.173896Z
AC,0x0006,0x0008,2020-02-11T12:20:35.549289Z,2020-02-11T12:20:38.299363Z
W,0x0006,NA,2020-02-11T12:20:48.049343Z,2020-02-11T12:20:49.424413Z
R,0x0006,NA,2020-02-11T12:21:50.549665Z,2020-02-11T12:22:05.424841Z
R,0x0006,NA,2020-02-11T12:22:07.924852Z,2020-02-11T12:22:49.675074Z
AC,0x0006,0x001C,2020-02-11T12:22:56.800063Z,2020-02-11T12:22:58.050063Z
SG,0x0006,NA,2020-02-11T12:23:04.800162Z,2020-02-11T12:23:06.050096Z
R,0x0007,NA,2020-02-11T11:54:49.916066Z,2020-02-11T11:54:58.666100Z
AC,0x0007,0x002C,2020-02-11T11:56:40.416652Z,2020-02-11T11:56:42.041608Z
CR,0x0007,0x0003,2020-02-11T11:57:07.416738Z,2020-02-11T11:58:28.417253Z
R,0x0007,NA,2020-02-11T11:58:34.917296Z,2020-02-11T11:58:44.042279Z
FR,0x0007,0x0033,2020-02-11T11:58:51.042317Z,2020-02-11T11:59:04.542368Z
SG,0x0007,NA,2020-02-11T11:59:43.917608Z,2020-02-11T11:59:49.042678Z
SG,0x0007,NA,2020-02-11T12:00:41.042951Z,2020-02-11T12:00:54.793028Z
R,0x0007,NA,2020-02-11T12:01:44.043227Z,2020-02-11T12:01:53.668336Z
R,0x0007,NA,2020-02-11T12:02:13.793449Z,2020-02-11T12:02:52.543620Z
R,0x0007,NA,2020-02-11T12:03:04.793702Z,2020-02-11T12:03:15.043770Z
CR,0x0007,NA,2020-02-11T12:03:41.793895Z,2020-02-11T12:04:09.918993Z
W,0x0007,NA,2020-02-11T12:06:39.794853Z,2020-02-11T12:06:43.794881Z
R,0x0007,NA,2020-02-11T12:07:28.420103Z,2020-02-11T12:07:39.295102Z
R,0x0007,NA,2020-02-11T12:07:46.045150Z,2020-02-11T12:10:19.545960Z
R,0x0007,NA,2020-02-11T12:11:40.546375Z,2020-02-11T12:12:13.796575Z
R,0x0007,NA,2020-02-11T12:12:25.921706Z,2020-02-11T12:12:53.921812Z
R,0x0007,NA,2020-02-11T12:13:34.797021Z,2020-02-11T12:15:34.922647Z
R,0x0007,NA,2020-02-11T12:16:06.672827Z,2020-02-11T12:16:41.923110Z
AC,0x0007,0x000C,2020-02-11T12:17:26.798346Z,2020-02-11T12:17:27.423330Z
W,0x0007,NA,2020-02-11T12:17:41.548335Z,2020-02-11T12:17:44.923365Z
AC,0x0007,0x003F,2020-02-11T12:19:32.048936Z,2020-02-11T12:19:33.174014Z
CR,0x0007,0x000E,2020-02-11T12:21:41.549640Z,2020-02-11T12:21:51.424761Z
R,0x0007,NA,2020-02-11T12:22:10.924945Z,2020-02-11T12:22:23.549961Z
R,0x0008,NA,2020-02-11T11:55:58.916437Z,2020-02-11T11:56:16.291539Z
GQ,0x0008,NA,2020-02-11T11:56:16.916481Z,2020-02-11T11:56:32.416578Z
R,0x0008,NA,2020-02-11T11:57:37.041975Z,2020-02-11T11:58:11.542111Z
R,0x0008,NA,2020-02-11T11:59:18.417448Z,2020-02-11T11:59:32.667604Z
GQ,0x0008,NA,2020-02-11T12:00:18.417850Z,2020-02-11T12:00:26.667882Z
GQ,0x0008,NA,2020-02-11T12:00:38.417891Z,2020-02-11T12:00:44.918217Z
GQ,0x0008,NA,2020-02-11T12:01:01.918073Z,2020-02-11T12:01:18.668151Z
GQ,0x0008,NA,2020-02-11T12:01:25.168193Z,2020-02-11T12:01:54.293352Z
GQ,0x0008,NA,2020-02-11T12:02:15.293455Z,2020-02-11T12:02:32.793549Z
GQ,0x0008,NA,2020-02-11T12:03:21.793806Z,2020-02-11T12:03:27.418768Z
GQ,0x0008,NA,2020-02-11T12:03:58.293942Z,2020-02-11T12:04:02.169020Z
W,0x0008,NA,2020-02-11T12:04:44.919233Z,2020-02-11T12:04:49.669267Z
AC,0x0008,0x0026,2020-02-11T12:05:06.919313Z,2020-02-11T12:05:07.669362Z
AC,0x0008,0x0026,2020-02-11T12:05:34.294502Z,2020-02-11T12:05:38.294526Z
GQ,0x0008,NA,2020-02-11T12:06:35.419750Z,2020-02-11T12:06:56.419866Z
GQ,0x0008,NA,2020-02-11T12:06:58.919955Z,2020-02-11T12:08:03.920218Z
GQ,0x0008,NA,2020-02-11T12:08:40.045478Z,2020-02-11T12:09:06.545558Z
GQ,0x0008,NA,2020-02-11T12:09:19.170948Z,2020-02-11T12:09:27.170752Z
TB,0x0008,NA,2020-02-11T12:10:49.671195Z,2020-02-11T12:10:56.546160Z
TB,0x0008,NA,2020-02-11T12:11:07.671221Z,2020-02-11T12:11:18.671346Z
TB,0x0008,NA,2020-02-11T12:11:35.421358Z,2020-02-11T12:11:51.796489Z
TB,0x0008,NA,2020-02-11T12:12:06.421611Z,2020-02-11T12:12:10.296568Z
TB,0x0008,NA,2020-02-11T12:12:15.296738Z,2020-02-11T12:12:49.921827Z
TB,0x0008,NA,2020-02-11T12:13:45.797151Z,2020-02-11T12:13:53.047125Z
TB,0x0008,NA,2020-02-11T12:13:57.797207Z,2020-02-11T12:14:02.422222Z
TB,0x0008,NA,2020-02-11T12:14:27.172368Z,2020-02-11T12:14:33.547307Z
TB,0x0008,NA,2020-02-11T12:14:37.422409Z,2020-02-11T12:14:47.922472Z
TB,0x0008,NA,2020-02-11T12:14:53.547502Z,2020-02-11T12:15:28.922635Z
TB,0x0008,NA,2020-02-11T12:15:43.547719Z,2020-02-11T12:15:56.422786Z
W,0x0008,NA,2020-02-11T12:16:50.798136Z,2020-02-11T12:16:56.923095Z
GQ,0x0008,NA,2020-02-11T12:18:37.048648Z,2020-02-11T12:18:42.173733Z
AC,0x0008,0x0023,2020-02-11T12:19:37.548965Z,2020-02-11T12:19:38.424031Z
AC,0x0008,0x0006,2020-02-11T12:20:35.924350Z,2020-02-11T12:20:37.799615Z
W,0x0008,NA,2020-02-11T12:20:42.174392Z,2020-02-11T12:20:48.674655Z
W,0x0008,NA,2020-02-11T12:21:01.299477Z,2020-02-11T12:21:08.174765Z
W,0x0008,NA,2020-02-11T12:21:56.924721Z,2020-02-11T12:22:29.924898Z
W,0x0009,NA,2020-02-11T11:53:55.415668Z,2020-02-11T11:54:09.290834Z
AC,0x0009,0x0002,2020-02-11T11:54:15.915832Z,2020-02-11T11:54:16.290865Z
SG,0x0009,NA,2020-02-11T11:54:17.540827Z,2020-02-11T11:54:19.165894Z
SG,0x0009,NA,2020-02-11T11:54:22.540861Z,2020-02-11T11:54:27.665946Z
AC,0x0009,0x0037,2020-02-11T11:54:29.540889Z,2020-02-11T11:54:30.165954Z
W,0x0009,NA,2020-02-11T11:56:05.041477Z,2020-02-11T11:56:10.666494Z
W,0x0009,NA,2020-02-11T11:58:28.792255Z,2020-02-11T11:58:49.667362Z
AC,0x0009,0x001D,2020-02-11T11:58:49.917324Z,2020-02-11T11:58:50.667362Z
SG,0x0009,NA,2020-02-11T11:59:15.167522Z,2020-02-11T11:59:23.917564Z
T,0x0009,0x0023,2020-02-11T11:59:26.042521Z,2020-02-11T12:00:23.667863Z
SG,0x0009,NA,2020-02-11T12:00:33.917924Z,2020-02-11T12:00:47.042986Z
SG,0x0009,NA,2020-02-11T12:01:36.418189Z,2020-02-11T12:01:50.668316Z
SG,0x0009,NA,2020-02-11T12:02:30.418532Z,2020-02-11T12:02:39.543524Z
SG,0x0009,NA,2020-02-11T12:02:51.668650Z,2020-02-11T12:03:21.418728Z
SG,0x0009,NA,2020-02-11T12:05:26.169469Z,2020-02-11T12:05:51.294540Z
SG,0x0009,NA,2020-02-11T12:05:53.794613Z,2020-02-11T12:06:01.669663Z
SG,0x0009,NA,2020-02-11T12:06:07.669692Z,2020-02-11T12:06:18.419735Z
SG,0x0009,NA,2020-02-11T12:06:54.044871Z,2020-02-11T12:06:56.919938Z
SG,0x0009,NA,2020-02-11T12:07:04.919944Z,2020-02-11T12:07:16.170036Z
W,0x0009,NA,2020-02-11T12:08:43.045433Z,2020-02-11T12:08:47.920537Z
AC,0x0009,0x002C,2020-02-11T12:08:48.545457Z,2020-02-11T12:08:49.295545Z
AC,0x0009,0x0032,2020-02-11T12:08:51.920560Z,2020-02-11T12:08:54.045516Z
AC,0x0009,0x0016,2020-02-11T12:09:51.795872Z,2020-02-11T12:09:52.795873Z
AC,0x0009,0x0006,2020-02-11T12:10:05.920942Z,2020-02-11T12:10:07.795965Z
SG,0x0009,NA,2020-02-11T12:10:19.795949Z,2020-02-11T12:10:28.421008Z
AC,0x0009,0x0026,2020-02-11T12:10:30.171077Z,2020-02-11T12:10:33.671050Z
AC,0x0009,0x003F,2020-02-11T12:10:50.546143Z,2020-02-11T12:10:56.171177Z
CR,0x0009,0x003F,2020-02-11T12:11:17.921337Z,2020-02-11T12:11:19.296281Z
AC,0x0009,0x001B,2020-02-11T12:12:13.421643Z,2020-02-11T12:12:13.796575Z
W,0x0009,NA,2020-02-11T12:12:20.921689Z,2020-02-11T12:12:24.171623Z
SG,0x0009,NA,2020-02-11T12:12:30.921740Z,2020-02-11T12:12:39.296710Z
SG,0x0009,NA,2020-02-11T12:12:44.296739Z,2020-02-11T12:12:51.046778Z
W,0x0009,NA,2020-02-11T12:12:56.921819Z,2020-02-11T12:13:01.046832Z
W,0x0009,NA,2020-02-11T12:13:05.296851Z,2020-02-11T12:13:06.671925Z
W,0x0009,NA,2020-02-11T12:13:39.297029Z,2020-02-11T12:13:46.422059Z
W,0x0009,NA,2020-02-11T12:13:51.297077Z,2020-02-11T12:14:06.922185Z
W,0x0009,NA,2020-02-11T12:15:27.422685Z,2020-02-11T12:15:31.547707Z
AC,0x0009,0x0003,2020-02-11T12:16:07.547896Z,2020-02-11T12:16:10.172917Z
W,0x0009,NA,2020-02-11T12:16:15.172861Z,2020-02-11T12:16:18.297969Z
AC,0x0009,0x0026,2020-02-11T12:16:37.173055Z,2020-02-11T12:16:38.673062Z
R,0x0009,NA,2020-02-11T12:17:44.548357Z,2020-02-11T12:17:50.798480Z
AC,0x0009,0x002E,2020-02-11T12:19:02.423788Z,2020-02-11T12:19:05.548802Z
T,0x0009,0x002E,2020-02-11T12:19:52.174111Z,2020-02-11T12:20:05.174190Z
T,0x0009,0x0017,2020-02-11T12:20:50.799366Z,2020-02-11T12:20:55.799423Z
CR,0x0009,0x0017,2020-02-11T12:20:59.924480Z,2020-02-11T12:21:32.924580Z
AC,0x0009,0x003A,2020-02-11T12:22:15.799901Z,2020-02-11T12:22:16.424850Z
W,0x0009,NA,2020-02-11T12:22:54.675110Z,2020-02-11T12:22:59.175124Z
R,0x000A,NA,2020-02-11T11:54:08.666119Z,2020-02-11T11:54:23.665921Z
R,0x000A,NA,2020-02-11T11:56:10.416489Z,2020-02-11T11:56:30.916564Z
R,0x000A,NA,2020-02-11T11:56:35.666639Z,2020-02-11T11:56:58.166769Z
W,0x000A,NA,2020-02-11T11:57:11.666794Z,2020-02-11T11:57:17.916833Z
W,0x000A,NA,2020-02-11T11:59:16.417524Z,2020-02-11T11:59:24.042508Z
AC,0x000A,0x002B,2020-02-11T11:59:24.667562Z,2020-02-11T11:59:26.042521Z
AC,0x000A,0x002F,2020-02-11T11:59:54.167714Z,2020-02-11T11:59:55.292672Z
W,0x000A,NA,2020-02-11T11:59:56.668015Z,2020-02-11T11:59:58.668019Z
W,0x000A,NA,2020-02-11T12:00:17.417765Z,2020-02-11T12:00:21.417792Z
SG,0x000A,NA,2020-02-11T12:00:36.292947Z,2020-02-11T12:00:41.667954Z
SG,0x000A,NA,2020-02-11T12:00:43.542911Z,2020-02-11T12:00:52.668017Z
R,0x000A,NA,2020-02-11T12:01:47.168310Z,2020-02-11T12:02:20.418470Z
SG,0x000A,NA,2020-02-11T12:02:28.293431Z,2020-02-11T12:02:29.168529Z
SG,0x000A,NA,2020-02-11T12:02:32.668547Z,2020-02-11T12:02:37.043480Z
SG,0x000A,NA,2020-02-11T12:02:42.668834Z,2020-02-11T12:06:56.169944Z
AC,0x000A,0x0039,2020-02-11T12:07:09.920018Z,2020-02-11T12:07:10.920021Z
SG,0x000A,NA,2020-02-11T12:07:31.545045Z,2020-02-11T12:07:43.420111Z
SG,0x000A,NA,2020-02-11T12:13:44.422075Z,2020-02-11T12:14:21.172328Z
SG,0x000A,NA,2020-02-11T12:14:28.297309Z,2020-02-11T12:14:52.922504Z
SG,0x000A,NA,2020-02-11T12:15:07.297519Z,2020-02-11T12:15:23.422578Z
SG,0x000A,NA,2020-02-11T12:17:53.673475Z,2020-02-11T12:18:09.673559Z
R,0x000A,NA,2020-02-11T12:18:09.673559Z,2020-02-11T12:18:36.798662Z
W,0x000A,NA,2020-02-11T12:19:19.673935Z,2020-02-11T12:19:21.923887Z
R,0x000A,NA,2020-02-11T12:20:14.924164Z,2020-02-11T12:20:51.174436Z
SG,0x000B,NA,2020-02-11T11:54:01.290738Z,2020-02-11T11:54:02.790806Z
SG,0x000B,NA,2020-02-11T11:54:07.290768Z,2020-02-11T11:54:10.665774Z
SG,0x000B,NA,2020-02-11T11:54:31.040890Z,2020-02-11T11:54:45.166024Z
SG,0x000B,NA,2020-02-11T11:54:52.291083Z,2020-02-11T11:55:35.541253Z
SG,0x000B,NA,2020-02-11T11:55:41.541278Z,2020-02-11T11:55:56.416348Z
AC,0x000B,0x0031,2020-02-11T11:55:57.416357Z,2020-02-11T11:56:00.166453Z
SG,0x000B,NA,2020-02-11T11:56:07.541414Z,2020-02-11T11:56:17.541485Z
R,0x000B,NA,2020-02-11T11:56:27.166592Z,2020-02-11T11:56:30.166601Z
AC,0x000B,0x002F,2020-02-11T11:56:40.666657Z,2020-02-11T11:56:43.041678Z
R,0x000B,NA,2020-02-11T11:58:21.542148Z,2020-02-11T11:58:45.667347Z
AC,0x000B,0x003E,2020-02-11T11:58:54.292393Z,2020-02-11T11:59:00.167418Z
W,0x000B,NA,2020-02-11T12:02:07.918366Z,2020-02-11T12:02:11.668439Z
AC,0x000B,0x0012,2020-02-11T12:02:12.293384Z,2020-02-11T12:02:13.418374Z
W,0x000B,NA,2020-02-11T12:02:24.668447Z,2020-02-11T12:02:30.043476Z
W,0x000B,NA,2020-02-11T12:02:38.668580Z,2020-02-11T12:02:45.668607Z
AC,0x000B,0x003B,2020-02-11T12:02:55.418606Z,2020-02-11T12:03:00.543628Z
W,0x000B,NA,2020-02-11T12:03:25.793827Z,2020-02-11T12:03:29.293788Z
SG,0x000B,NA,2020-02-11T12:05:05.544284Z,2020-02-11T12:05:16.794349Z
R,0x000B,NA,2020-02-11T12:05:50.669596Z,2020-02-11T12:06:06.544617Z
AC,0x000B,0x0032,2020-02-11T12:06:32.044744Z,2020-02-11T12:06:32.169805Z
R,0x000B,NA,2020-02-11T12:07:28.670105Z,2020-02-11T12:07:34.920145Z
R,0x000B,NA,2020-02-11T12:07:39.670185Z,2020-02-11T12:08:17.045322Z
R,0x000B,NA,2020-02-11T12:08:26.670417Z,2020-02-11T12:09:31.295760Z
SG,0x000B,NA,2020-02-11T12:09:46.420859Z,2020-02-11T12:09:48.670860Z
W,0x000B,NA,2020-02-11T12:10:44.296161Z,2020-02-11T12:10:45.546102Z
AC,0x000B,0x002F,2020-02-11T12:11:12.921238Z,2020-02-11T12:11:13.296308Z
SG,0x000B,NA,2020-02-11T12:12:09.671550Z,2020-02-11T12:12:18.796604Z
W,0x000B,NA,2020-02-11T12:13:11.421942Z,2020-02-11T12:13:15.171972Z
SG,0x000B,NA,2020-02-11T12:13:20.421989Z,2020-02-11T12:13:21.922013Z
SG,0x000B,NA,2020-02-11T12:13:23.047009Z,2020-02-11T12:13:25.796959Z
R,0x000B,NA,2020-02-11T12:13:31.547048Z,2020-02-11T12:15:04.672563Z
AC,0x000B,0x0039,2020-02-11T12:15:05.797610Z,2020-02-11T12:15:06.547810Z
R,0x000B,NA,2020-02-11T12:15:24.297666Z,2020-02-11T12:16:17.922948Z
R,0x000B,NA,2020-02-11T12:16:30.298036Z,2020-02-11T12:16:41.173089Z
AC,0x000B,0x001E,2020-02-11T12:16:42.673085Z,2020-02-11T12:16:43.673093Z
SG,0x000B,NA,2020-02-11T12:16:52.673149Z,2020-02-11T12:16:55.298147Z
W,0x000B,NA,2020-02-11T12:16:56.423184Z,2020-02-11T12:17:01.798188Z
AC,0x000B,0x0028,2020-02-11T12:17:33.673356Z,2020-02-11T12:17:34.798305Z
W,0x000B,NA,2020-02-11T12:17:42.048340Z,2020-02-11T12:17:45.173434Z
W,0x000B,NA,2020-02-11T12:18:00.423505Z,2020-02-11T12:18:09.048497Z
SG,0x000B,NA,2020-02-11T12:18:29.548595Z,2020-02-11T12:19:28.298990Z
SG,0x000B,NA,2020-02-11T12:19:44.799069Z,2020-02-11T12:20:44.549346Z
SG,0x000B,NA,2020-02-11T12:20:45.674353Z,2020-02-11T12:21:03.549433Z
SG,0x000B,NA,2020-02-11T12:21:19.924583Z,2020-02-11T12:21:50.175049Z
SG,0x000B,NA,2020-02-11T12:21:56.424775Z,2020-02-11T12:22:06.799851Z
SG,0x000B,NA,2020-02-11T12:22:54.800107Z,2020-02-11T12:23:56.550438Z
W,0x000C,NA,2020-02-11T11:54:09.290834Z,2020-02-11T11:54:10.790794Z
W,0x000C,NA,2020-02-11T11:55:01.666118Z,2020-02-11T11:55:04.166139Z
SG,0x000C,NA,2020-02-11T11:55:04.541076Z,2020-02-11T11:55:07.541092Z
SG,0x000C,NA,2020-02-11T11:56:09.166486Z,2020-02-11T11:56:15.291529Z
AC,0x000C,0x003D,2020-02-11T11:56:57.666749Z,2020-02-11T11:57:00.666775Z
W,0x000C,NA,2020-02-11T11:57:51.292058Z,2020-02-11T11:57:55.292075Z
W,0x000C,NA,2020-02-11T11:57:58.042027Z,2020-02-11T11:57:58.917026Z
AC,0x000C,0x0010,2020-02-11T11:57:59.292102Z,2020-02-11T11:57:59.792111Z
W,0x000C,NA,2020-02-11T11:58:00.792133Z,2020-02-11T11:58:07.417054Z
W,0x000C,NA,2020-02-11T11:59:01.917629Z,2020-02-11T11:59:13.042502Z
AC,0x000C,0x002E,2020-02-11T11:59:35.667618Z,2020-02-11T11:59:36.042566Z
AC,0x000C,0x0023,2020-02-11T12:00:45.417912Z,2020-02-11T12:00:48.792985Z
W,0x000C,NA,2020-02-11T12:00:56.668028Z,2020-02-11T12:01:03.668075Z
AC,0x000C,0x000B,2020-02-11T12:01:24.293205Z,2020-02-11T12:01:25.168193Z
SG,0x000C,NA,2020-02-11T12:01:29.918456Z,2020-02-11T12:01:33.293238Z
SG,0x000C,NA,2020-02-11T12:01:34.418286Z,2020-02-11T12:01:37.168254Z
AC,0x000C,0x003A,2020-02-11T12:02:02.043315Z,2020-02-11T12:02:02.918376Z
W,0x000C,NA,2020-02-11T12:02:05.543325Z,2020-02-11T12:02:12.043383Z
AC,0x000C,0x0037,2020-02-11T12:02:12.793439Z,2020-02-11T12:02:13.293440Z
SG,0x000C,NA,2020-02-11T12:02:38.918497Z,2020-02-11T12:02:44.668599Z
W,0x000C,NA,2020-02-11T12:02:52.418890Z,2020-02-11T12:02:57.418619Z
R,0x000C,NA,2020-02-11T12:03:24.668821Z,2020-02-11T12:03:27.918781Z
SG,0x000C,NA,2020-02-11T12:03:34.793871Z,2020-02-11T12:03:40.793875Z
W,0x000C,NA,2020-02-11T12:03:43.418844Z,2020-02-11T12:03:45.793923Z
W,0x000C,NA,2020-02-11T12:03:48.169181Z,2020-02-11T12:03:52.418963Z
W,0x000C,NA,2020-02-11T12:04:18.544049Z,2020-02-11T12:04:50.669274Z
SG,0x000C,NA,2020-02-11T12:05:11.419354Z,2020-02-11T12:05:14.419369Z
SG,0x000C,NA,2020-02-11T12:05:25.794455Z,2020-02-11T12:05:30.044416Z
W,0x000C,NA,2020-02-11T12:05:35.044479Z,2020-02-11T12:05:37.294525Z
AC,0x000C,0x0005,2020-02-11T12:05:55.919615Z,2020-02-11T12:05:57.294571Z
AC,0x000C,0x0042,2020-02-11T12:10:12.420989Z,2020-02-11T12:10:14.170943Z
W,0x000C,NA,2020-02-11T12:10:15.671273Z,2020-02-11T12:10:16.796003Z
W,0x000C,NA,2020-02-11T12:10:19.420962Z,2020-02-11T12:10:27.671072Z
W,0x000C,NA,2020-02-11T12:10:52.921118Z,2020-02-11T12:10:57.796166Z
R,0x000C,NA,2020-02-11T12:12:11.046538Z,2020-02-11T12:12:24.671746Z
W,0x000C,NA,2020-02-11T12:12:57.046857Z,2020-02-11T12:13:00.546885Z
AC,0x000C,0x0045,2020-02-11T12:13:01.046832Z,2020-02-11T12:13:01.547074Z
W,0x000C,NA,2020-02-11T12:13:11.921945Z,2020-02-11T12:13:20.921991Z
W,0x000C,NA,2020-02-11T12:14:26.797303Z,2020-02-11T12:14:30.797322Z
W,0x000C,NA,2020-02-11T12:14:35.047357Z,2020-02-11T12:14:46.047421Z
W,0x000C,NA,2020-02-11T12:14:51.047463Z,2020-02-11T12:14:55.172460Z
W,0x000C,NA,2020-02-11T12:15:22.172651Z,2020-02-11T12:15:36.547659Z
W,0x000C,NA,2020-02-11T12:15:40.172746Z,2020-02-11T12:15:45.047717Z
SG,0x000C,NA,2020-02-11T12:16:24.922923Z,2020-02-11T12:16:50.298119Z
AC,0x000C,0x0043,2020-02-11T12:16:56.173160Z,2020-02-11T12:16:56.423184Z
AC,0x000C,0x0007,2020-02-11T12:17:26.548324Z,2020-02-11T12:17:27.923337Z
AC,0x000C,0x0023,2020-02-11T12:18:08.798557Z,2020-02-11T12:18:10.673560Z
AC,0x000C,0x0037,2020-02-11T12:18:25.673653Z,2020-02-11T12:18:30.173666Z
SG,0x000C,NA,2020-02-11T12:18:33.548631Z,2020-02-11T12:18:41.548642Z
W,0x000C,NA,2020-02-11T12:19:08.299205Z,2020-02-11T12:19:09.798879Z
AC,0x000C,0x0043,2020-02-11T12:21:32.049696Z,2020-02-11T12:21:32.674649Z
W,0x000C,NA,2020-02-11T12:22:02.174820Z,2020-02-11T12:22:05.799789Z
W,0x000C,NA,2020-02-11T12:22:40.049937Z,2020-02-11T12:22:43.549956Z
W,0x000C,NA,2020-02-11T12:23:24.050206Z,2020-02-11T12:23:28.800306Z
SG,0x000C,NA,2020-02-11T12:23:41.175345Z,2020-02-11T12:23:46.925315Z
R,0x000D,NA,2020-02-11T11:56:08.666492Z,2020-02-11T11:56:14.666517Z
R,0x000D,NA,2020-02-11T11:56:18.791501Z,2020-02-11T11:56:56.541697Z
SG,0x000D,NA,2020-02-11T11:58:05.042078Z,2020-02-11T11:58:16.292133Z
SG,0x000D,NA,2020-02-11T11:58:19.667212Z,2020-02-11T11:58:36.792302Z
W,0x000D,NA,2020-02-11T11:59:24.792568Z,2020-02-11T11:59:27.917578Z
R,0x000D,NA,2020-02-11T12:00:11.542739Z,2020-02-11T12:01:00.418063Z
TB,0x000D,NA,2020-02-11T12:01:36.918258Z,2020-02-11T12:01:44.918229Z
R,0x000D,NA,2020-02-11T12:02:32.043480Z,2020-02-11T12:02:49.793629Z
TB,0x000D,NA,2020-02-11T12:03:00.418634Z,2020-02-11T12:03:16.043706Z
R,0x000D,NA,2020-02-11T12:04:01.669016Z,2020-02-11T12:05:28.544407Z
TB,0x000D,NA,2020-02-11T12:06:00.794645Z,2020-02-11T12:06:13.919654Z
AC,0x000D,0x0006,2020-02-11T12:07:00.294964Z,2020-02-11T12:07:03.794968Z
SG,0x000D,NA,2020-02-11T12:07:51.670473Z,2020-02-11T12:08:07.295323Z
TB,0x000D,NA,2020-02-11T12:08:26.545344Z,2020-02-11T12:08:31.670381Z
TB,0x000D,NA,2020-02-11T12:08:41.795510Z,2020-02-11T12:08:48.295533Z
AC,0x000D,0x001B,2020-02-11T12:09:59.920925Z,2020-02-11T12:10:06.420910Z
R,0x000D,NA,2020-02-11T12:10:37.046033Z,2020-02-11T12:10:41.921071Z
R,0x000D,NA,2020-02-11T12:10:54.921150Z,2020-02-11T12:11:05.171220Z
R,0x000D,NA,2020-02-11T12:11:11.796228Z,2020-02-11T12:12:02.796533Z
R,0x000D,NA,2020-02-11T12:12:08.921854Z,2020-02-11T12:12:36.171685Z
R,0x000D,NA,2020-02-11T12:13:51.047106Z,2020-02-11T12:14:06.047185Z
R,0x000D,NA,2020-02-11T12:14:32.297463Z,2020-02-11T12:15:15.547619Z
R,0x000D,NA,2020-02-11T12:16:46.048048Z,2020-02-11T12:17:16.298261Z
W,0x000D,NA,2020-02-11T12:19:11.298853Z,2020-02-11T12:19:24.048887Z
R,0x000D,NA,2020-02-11T12:21:53.424721Z,2020-02-11T12:22:07.174834Z
R,0x000E,NA,2020-02-11T11:54:07.415765Z,2020-02-11T11:54:33.290890Z
CR,0x000E,NA,2020-02-11T11:54:33.915977Z,2020-02-11T11:54:36.915997Z
CR,0x000E,0x002C,2020-02-11T11:55:14.541140Z,2020-02-11T11:55:22.041165Z
CR,0x000E,0x001F,2020-02-11T11:55:45.416292Z,2020-02-11T11:55:52.666407Z
SG,0x000E,NA,2020-02-11T11:57:11.041835Z,2020-02-11T11:57:18.291876Z
R,0x000E,NA,2020-02-11T11:59:51.917706Z,2020-02-11T12:00:00.667756Z
R,0x000E,NA,2020-02-11T12:00:05.792773Z,2020-02-11T12:00:27.167893Z
SG,0x000E,NA,2020-02-11T12:02:03.168396Z,2020-02-11T12:02:28.043457Z
AC,0x000E,0x0006,2020-02-11T12:02:48.043571Z,2020-02-11T12:02:48.168630Z
AC,0x000E,0x0015,2020-02-11T12:19:51.299097Z,2020-02-11T12:19:55.299134Z
SG,0x000E,NA,2020-02-11T12:20:08.674205Z,2020-02-11T12:20:18.674251Z
AC,0x000E,0x003E,2020-02-11T12:20:29.549256Z,2020-02-11T12:20:30.674254Z
AC,0x000E,0x0029,2020-02-11T12:20:36.549350Z,2020-02-11T12:20:36.799301Z
SG,0x000E,NA,2020-02-11T12:21:11.799550Z,2020-02-11T12:21:23.924601Z
SG,0x000E,NA,2020-02-11T12:21:27.674627Z,2020-02-11T12:21:34.299614Z
W,0x000F,NA,2020-02-11T12:02:57.293674Z,2020-02-11T12:03:07.793727Z
SG,0x000F,NA,2020-02-11T12:04:10.669060Z,2020-02-11T12:04:22.544058Z
R,0x000F,NA,2020-02-11T12:05:55.794608Z,2020-02-11T12:06:30.669811Z
R,0x000F,NA,2020-02-11T12:06:47.919900Z,2020-02-11T12:06:50.794901Z
R,0x000F,NA,2020-02-11T12:07:03.044977Z,2020-02-11T12:07:13.295026Z
R,0x000F,NA,2020-02-11T12:07:24.170082Z,2020-02-11T12:07:28.545046Z
SG,0x000F,NA,2020-02-11T12:07:30.045034Z,2020-02-11T12:07:32.670429Z
SG,0x000F,NA,2020-02-11T12:08:09.670343Z,2020-02-11T12:08:14.545281Z
R,0x000F,NA,2020-02-11T12:08:29.795433Z,2020-02-11T12:09:25.420664Z
R,0x000F,NA,2020-02-11T12:09:42.545734Z,2020-02-11T12:09:54.045840Z
R,0x000F,NA,2020-02-11T12:10:15.170997Z,2020-02-11T12:10:31.920998Z
W,0x0010,NA,2020-02-11T11:54:29.666234Z,2020-02-11T11:54:34.165970Z
W,0x0010,NA,2020-02-11T11:54:43.791015Z,2020-02-11T11:54:47.290992Z
AC,0x0010,0x002B,2020-02-11T11:54:56.916091Z,2020-02-11T11:54:57.166093Z
W,0x0010,NA,2020-02-11T11:55:00.541055Z,2020-02-11T11:55:02.541076Z
W,0x0010,NA,2020-02-11T11:55:13.291107Z,2020-02-11T11:55:15.416103Z
SG,0x0010,NA,2020-02-11T11:55:28.166214Z,2020-02-11T11:55:36.291315Z
AC,0x0010,0x0012,2020-02-11T11:56:01.666467Z,2020-02-11T11:56:02.416751Z
W,0x0010,NA,2020-02-11T11:56:13.416437Z,2020-02-11T11:56:17.166542Z
AC,0x0010,0x0025,2020-02-11T11:56:49.916727Z,2020-02-11T11:56:51.291722Z
SG,0x0010,NA,2020-02-11T11:57:00.791783Z,2020-02-11T11:57:03.666795Z
W,0x0010,NA,2020-02-11T11:57:10.791839Z,2020-02-11T11:57:13.166837Z
T,0x0010,0x002F,2020-02-11T11:57:14.541806Z,2020-02-11T11:57:41.791997Z
W,0x0010,NA,2020-02-11T11:58:20.292209Z,2020-02-11T11:58:22.167165Z
W,0x0010,NA,2020-02-11T12:00:57.668035Z,2020-02-11T12:01:03.793081Z
W,0x0010,NA,2020-02-11T12:01:10.418065Z,2020-02-11T12:01:19.918166Z
AC,0x0010,0x0038,2020-02-11T12:01:52.668618Z,2020-02-11T12:01:54.168339Z
W,0x0010,NA,2020-02-11T12:02:17.918756Z,2020-02-11T12:02:21.293493Z
W,0x0010,NA,2020-02-11T12:02:44.543542Z,2020-02-11T12:02:54.293662Z
W,0x0010,NA,2020-02-11T12:03:43.793923Z,2020-02-11T12:03:49.418878Z
SG,0x0010,NA,2020-02-11T12:03:59.793992Z,2020-02-11T12:04:15.669091Z
AC,0x0010,0x000B,2020-02-11T12:04:57.669299Z,2020-02-11T12:04:58.669237Z
R,0x0010,NA,2020-02-11T12:05:04.919313Z,2020-02-11T12:05:11.169339Z
R,0x0010,NA,2020-02-11T12:05:18.419367Z,2020-02-11T12:06:05.169674Z
AC,0x0010,0x0002,2020-02-11T12:06:30.169794Z,2020-02-11T12:06:31.169810Z
AC,0x0010,0x0003,2020-02-11T12:06:35.919775Z,2020-02-11T12:06:36.294827Z
W,0x0010,NA,2020-02-11T12:07:28.545046Z,2020-02-11T12:07:30.545056Z
W,0x0011,NA,2020-02-11T11:54:36.416003Z,2020-02-11T11:54:47.915982Z
R,0x0011,NA,2020-02-11T11:56:50.416657Z,2020-02-11T11:57:10.166828Z
AC,0x0011,0x0037,2020-02-11T11:57:21.541808Z,2020-02-11T11:57:22.416898Z
AC,0x0011,0x0022,2020-02-11T11:57:24.791914Z,2020-02-11T11:57:25.166903Z
W,0x0011,NA,2020-02-11T11:58:14.542118Z,2020-02-11T11:58:27.917247Z
W,0x0011,NA,2020-02-11T11:58:29.542190Z,2020-02-11T11:58:36.167247Z
W,0x0011,NA,2020-02-11T11:59:11.417433Z,2020-02-11T11:59:21.167538Z
W,0x0011,NA,2020-02-11T11:59:26.167570Z,2020-02-11T11:59:29.542518Z
W,0x0011,NA,2020-02-11T11:59:39.167627Z,2020-02-11T11:59:48.917680Z
W,0x0011,NA,2020-02-11T12:00:19.542783Z,2020-02-11T12:00:37.792888Z
W,0x0011,NA,2020-02-11T12:02:01.793334Z,2020-02-11T12:02:15.043445Z
R,0x0011,NA,2020-02-11T12:03:03.293701Z,2020-02-11T12:04:07.294047Z
R,0x0011,NA,2020-02-11T12:04:18.044039Z,2020-02-11T12:04:33.794139Z
R,0x0011,NA,2020-02-11T12:04:45.044243Z,2020-02-11T12:05:02.419262Z
W,0x0011,NA,2020-02-11T12:05:48.294584Z,2020-02-11T12:05:54.419602Z
SG,0x0011,NA,2020-02-11T12:06:16.669655Z,2020-02-11T12:06:20.544699Z
AC,0x0011,0x0044,2020-02-11T12:06:39.169851Z,2020-02-11T12:06:39.669860Z
W,0x0011,NA,2020-02-11T12:06:46.669884Z,2020-02-11T12:06:49.544846Z
AC,0x0011,0x002E,2020-02-11T12:06:49.794911Z,2020-02-11T12:06:50.044841Z
AC,0x0011,0x0014,2020-02-11T12:07:04.669984Z,2020-02-11T12:07:04.919944Z
W,0x0011,NA,2020-02-11T12:07:06.669998Z,2020-02-11T12:07:08.294953Z
AC,0x0011,0x0037,2020-02-11T12:07:21.045068Z,2020-02-11T12:07:21.295077Z
W,0x0011,NA,2020-02-11T12:09:31.170777Z,2020-02-11T12:09:34.545719Z
W,0x0011,NA,2020-02-11T12:10:13.670990Z,2020-02-11T12:10:21.920979Z
AC,0x0011,0x0022,2020-02-11T12:10:22.545948Z,2020-02-11T12:10:22.796040Z
W,0x0011,NA,2020-02-11T12:11:20.671371Z,2020-02-11T12:11:24.296309Z
W,0x0011,NA,2020-02-11T12:13:16.546926Z,2020-02-11T12:13:21.922013Z
AC,0x0011,0x0045,2020-02-11T12:14:12.047303Z,2020-02-11T12:14:15.047298Z
W,0x0011,NA,2020-02-11T12:14:41.422380Z,2020-02-11T12:14:49.922419Z
W,0x0011,NA,2020-02-11T12:14:51.422437Z,2020-02-11T12:14:55.547480Z
W,0x0011,NA,2020-02-11T12:15:12.297592Z,2020-02-11T12:15:15.422616Z
W,0x0011,NA,2020-02-11T12:15:18.797873Z,2020-02-11T12:15:25.922671Z
W,0x0011,NA,2020-02-11T12:16:21.422915Z,2020-02-11T12:16:25.423007Z
W,0x0011,NA,2020-02-11T12:16:26.922932Z,2020-02-11T12:16:30.548016Z
W,0x0011,NA,2020-02-11T12:16:39.173076Z,2020-02-11T12:16:45.548038Z
W,0x0011,NA,2020-02-11T12:16:51.298137Z,2020-02-11T12:16:53.923225Z
SG,0x0011,NA,2020-02-11T12:17:29.673353Z,2020-02-11T12:17:46.048350Z
AC,0x0011,0x0038,2020-02-11T12:18:10.798565Z,2020-02-11T12:18:12.298581Z
W,0x0011,NA,2020-02-11T12:18:18.298545Z,2020-02-11T12:18:24.923568Z
W,0x0011,NA,2020-02-11T12:18:35.298697Z,2020-02-11T12:18:37.923671Z
SG,0x0011,NA,2020-02-11T12:18:53.548733Z,2020-02-11T12:18:59.048764Z
AC,0x0011,0x003D,2020-02-11T12:19:59.799169Z,2020-02-11T12:20:02.049105Z
R,0x0011,NA,2020-02-11T12:20:22.299230Z,2020-02-11T12:20:33.924329Z
W,0x0011,NA,2020-02-11T12:21:00.799479Z,2020-02-11T12:21:08.549462Z
AC,0x0011,0x0006,2020-02-11T12:21:28.924542Z,2020-02-11T12:21:29.424649Z
W,0x0011,NA,2020-02-11T12:21:37.549617Z,2020-02-11T12:21:42.549711Z
W,0x0011,NA,2020-02-11T12:22:23.425223Z,2020-02-11T12:22:26.424953Z
AC,0x0012,0x0030,2020-02-11T11:54:41.666304Z,2020-02-11T11:54:43.416156Z
W,0x0012,NA,2020-02-11T11:54:56.416044Z,2020-02-11T11:54:57.166093Z
SG,0x0012,NA,2020-02-11T11:54:58.666100Z,2020-02-11T11:55:01.541041Z
SG,0x0012,NA,2020-02-11T11:55:10.791121Z,2020-02-11T11:55:13.291107Z
R,0x0012,NA,2020-02-11T11:55:23.791247Z,2020-02-11T11:55:37.416251Z
R,0x0012,NA,2020-02-11T11:55:40.291351Z,2020-02-11T11:55:49.916396Z
AC,0x0012,0x0010,2020-02-11T11:56:01.416497Z,2020-02-11T11:56:02.541484Z
AC,0x0012,0x0001,2020-02-11T11:56:04.291481Z,2020-02-11T11:56:05.666419Z
TB,0x0012,NA,2020-02-11T11:56:32.666905Z,2020-02-11T11:56:39.541570Z
TB,0x0012,NA,2020-02-11T11:56:47.791657Z,2020-02-11T11:57:17.916833Z
R,0x0012,NA,2020-02-11T11:57:45.292026Z,2020-02-11T11:58:03.167124Z
R,0x0012,NA,2020-02-11T11:58:54.917392Z,2020-02-11T11:59:32.792609Z
R,0x0012,NA,2020-02-11T11:59:41.667636Z,2020-02-11T12:00:09.292704Z
R,0x0012,NA,2020-02-11T12:00:29.917862Z,2020-02-11T12:00:45.668219Z
W,0x0012,NA,2020-02-11T12:01:37.543203Z,2020-02-11T12:01:38.668248Z
W,0x0012,NA,2020-02-11T12:01:42.543219Z,2020-02-11T12:01:43.918282Z
W,0x0012,NA,2020-02-11T12:01:47.543233Z,2020-02-11T12:01:50.668316Z
AC,0x0012,0x000B,2020-02-11T12:02:12.168438Z,2020-02-11T12:02:13.293440Z
R,0x0012,NA,2020-02-11T12:03:08.418722Z,2020-02-11T12:03:17.918787Z
SG,0x0012,NA,2020-02-11T12:03:30.168850Z,2020-02-11T12:03:43.043908Z
SG,0x0012,NA,2020-02-11T12:03:48.918889Z,2020-02-11T12:03:52.293967Z
R,0x0012,NA,2020-02-11T12:04:58.294319Z,2020-02-11T12:05:08.669361Z
AC,0x0012,0x0026,2020-02-11T12:05:11.544328Z,2020-02-11T12:05:12.169331Z
R,0x0012,NA,2020-02-11T12:05:41.669782Z,2020-02-11T12:05:59.169920Z
R,0x0012,NA,2020-02-11T12:06:14.419725Z,2020-02-11T12:06:20.794749Z
R,0x0012,NA,2020-02-11T12:06:31.919805Z,2020-02-11T12:06:45.044909Z
SG,0x0012,NA,2020-02-11T12:06:59.794963Z,2020-02-11T12:07:05.044923Z
SG,0x0012,NA,2020-02-11T12:07:09.794959Z,2020-02-11T12:07:11.419963Z
TB,0x0012,NA,2020-02-11T12:07:25.170036Z,2020-02-11T12:07:43.420111Z
AC,0x0012,0x0043,2020-02-11T12:07:50.420220Z,2020-02-11T12:07:51.170237Z
W,0x0012,NA,2020-02-11T12:08:32.795420Z,2020-02-11T12:08:36.670480Z
AC,0x0012,0x0037,2020-02-11T12:08:46.795519Z,2020-02-11T12:08:48.420492Z
SG,0x0012,NA,2020-02-11T12:08:54.670564Z,2020-02-11T12:09:01.795606Z
AC,0x0012,0x001E,2020-02-11T12:09:14.920680Z,2020-02-11T12:09:15.795685Z
AC,0x0012,0x0005,2020-02-11T12:09:19.420642Z,2020-02-11T12:09:20.670708Z
SG,0x0012,NA,2020-02-11T12:09:24.920685Z,2020-02-11T12:09:39.170820Z
W,0x0012,NA,2020-02-11T12:10:14.545937Z,2020-02-11T12:10:18.670954Z
AC,0x0012,0x0016,2020-02-11T12:10:27.296008Z,2020-02-11T12:10:29.171066Z
TB,0x0012,NA,2020-02-11T12:11:23.296295Z,2020-02-11T12:11:33.421422Z
R,0x0012,NA,2020-02-11T12:11:40.171360Z,2020-02-11T12:11:48.421504Z
R,0x0012,NA,2020-02-11T12:12:04.796526Z,2020-02-11T12:12:23.046688Z
R,0x0012,NA,2020-02-11T12:12:31.671737Z,2020-02-11T12:13:26.672039Z
AC,0x0012,0x0026,2020-02-11T12:14:52.922504Z,2020-02-11T12:14:56.297429Z
R,0x0012,NA,2020-02-11T12:15:03.297483Z,2020-02-11T12:15:23.297600Z
AC,0x0012,0x0014,2020-02-11T12:15:29.672631Z,2020-02-11T12:15:32.172707Z
R,0x0012,NA,2020-02-11T12:15:51.672741Z,2020-02-11T12:16:02.047809Z
SG,0x0012,NA,2020-02-11T12:19:18.173877Z,2020-02-11T12:19:32.423996Z
SG,0x0012,NA,2020-02-11T12:19:49.924100Z,2020-02-11T12:20:04.924119Z
W,0x0012,NA,2020-02-11T12:20:25.549230Z,2020-02-11T12:20:29.674318Z
SG,0x0012,NA,2020-02-11T12:20:36.924254Z,2020-02-11T12:20:44.174338Z
SG,0x0012,NA,2020-02-11T12:21:23.674548Z,2020-02-11T12:21:43.549824Z
SG,0x0012,NA,2020-02-11T12:21:55.424780Z,2020-02-11T12:22:05.049769Z
SG,0x0012,NA,2020-02-11T12:22:49.550019Z,2020-02-11T12:22:59.550085Z
W,0x0013,NA,2020-02-11T11:53:57.540700Z,2020-02-11T11:54:01.540733Z
SG,0x0013,NA,2020-02-11T11:54:33.790978Z,2020-02-11T11:55:00.666354Z
R,0x0013,NA,2020-02-11T11:55:36.416316Z,2020-02-11T11:55:44.916367Z
R,0x0013,NA,2020-02-11T11:55:57.916435Z,2020-02-11T11:56:13.916461Z
R,0x0013,NA,2020-02-11T11:58:42.542280Z,2020-02-11T11:58:54.417331Z
W,0x0013,NA,2020-02-11T12:01:26.543133Z,2020-02-11T12:01:32.043171Z
R,0x0013,NA,2020-02-11T12:01:56.043295Z,2020-02-11T12:03:13.793758Z
R,0x0013,NA,2020-02-11T12:03:25.543766Z,2020-02-11T12:03:48.543895Z
AC,0x0013,0x001A,2020-02-11T12:04:55.419265Z,2020-02-11T12:04:56.044233Z
SG,0x0013,NA,2020-02-11T12:05:02.919632Z,2020-02-11T12:05:05.669303Z
CB,0x0013,NA,2020-02-11T12:05:27.669475Z,2020-02-11T12:05:51.419528Z
AC,0x0013,0x0041,2020-02-11T12:09:01.045524Z,2020-02-11T12:09:02.545526Z
W,0x0013,NA,2020-02-11T12:09:22.670711Z,2020-02-11T12:09:27.170752Z
W,0x0013,NA,2020-02-11T12:11:01.421258Z,2020-02-11T12:11:08.796414Z
W,0x0013,NA,2020-02-11T12:11:15.046273Z,2020-02-11T12:11:17.296272Z
TQ,0x0013,0x0004,2020-02-11T12:15:45.422694Z,2020-02-11T12:16:01.547856Z
SG,0x0013,NA,2020-02-11T12:16:11.672872Z,2020-02-11T12:16:12.922926Z
AC,0x0013,0x0026,2020-02-11T12:16:24.172992Z,2020-02-11T12:16:24.422979Z
AC,0x0013,0x0014,2020-02-11T12:16:26.547927Z,2020-02-11T12:16:27.672954Z
SG,0x0013,NA,2020-02-11T12:16:40.923010Z,2020-02-11T12:16:47.548046Z
W,0x0013,NA,2020-02-11T12:17:00.798194Z,2020-02-11T12:17:03.548126Z
AC,0x0013,0x0028,2020-02-11T12:17:04.048145Z,2020-02-11T12:17:05.673210Z
W,0x0013,NA,2020-02-11T12:17:43.048349Z,2020-02-11T12:17:45.048367Z
SG,0x0013,NA,2020-02-11T12:18:21.673623Z,2020-02-11T12:19:27.298980Z
SG,0x0013,NA,2020-02-11T12:21:22.799518Z,2020-02-11T12:21:53.424721Z
AC,0x0013,0x0006,2020-02-11T12:23:18.175518Z,2020-02-11T12:23:18.550169Z
R,0x0014,NA,2020-02-11T11:54:04.165815Z,2020-02-11T11:54:19.290849Z
W,0x0014,NA,2020-02-11T11:55:27.416233Z,2020-02-11T11:55:28.166214Z
W,0x0014,NA,2020-02-11T11:55:28.916273Z,2020-02-11T11:55:32.041229Z
AC,0x0014,0x002E,2020-02-11T11:55:46.166359Z,2020-02-11T11:55:46.291372Z
W,0x0014,NA,2020-02-11T11:55:47.291315Z,2020-02-11T11:55:52.166337Z
SG,0x0014,NA,2020-02-11T11:56:38.416640Z,2020-02-11T11:56:41.416595Z
AC,0x0014,0x0043,2020-02-11T11:56:46.416699Z,2020-02-11T11:56:48.291715Z
W,0x0014,NA,2020-02-11T11:57:17.916833Z,2020-02-11T11:57:19.916828Z
AC,0x0014,0x003B,2020-02-11T11:57:24.166904Z,2020-02-11T11:57:24.666901Z
AC,0x0014,0x003D,2020-02-11T11:57:40.041925Z,2020-02-11T11:57:40.416997Z
R,0x0014,NA,2020-02-11T11:58:04.917051Z,2020-02-11T11:58:17.792196Z
AC,0x0014,0x0017,2020-02-11T11:58:21.542148Z,2020-02-11T11:58:22.042149Z
R,0x0014,NA,2020-02-11T11:58:32.042224Z,2020-02-11T11:59:56.668015Z
AC,0x0014,0x003D,2020-02-11T11:59:58.668019Z,2020-02-11T11:59:59.542682Z
AC,0x0014,0x0044,2020-02-11T12:00:11.542739Z,2020-02-11T12:00:12.792811Z
W,0x0014,NA,2020-02-11T12:00:17.292786Z,2020-02-11T12:00:18.917842Z
AC,0x0014,0x0045,2020-02-11T12:00:31.667914Z,2020-02-11T12:00:32.167915Z
AC,0x0014,0x0044,2020-02-11T12:00:52.918019Z,2020-02-11T12:00:54.418034Z
AC,0x0014,0x0045,2020-02-11T12:01:13.918425Z,2020-02-11T12:01:15.668076Z
R,0x0014,NA,2020-02-11T12:01:25.918184Z,2020-02-11T12:02:45.543544Z
R,0x0014,NA,2020-02-11T12:03:07.793727Z,2020-02-11T12:03:43.418844Z
AC,0x0014,0x002B,2020-02-11T12:03:50.918904Z,2020-02-11T12:03:52.168970Z
AC,0x0014,0x0038,2020-02-11T12:03:53.668971Z,2020-02-11T12:03:54.918965Z
T,0x0014,0x0015,2020-02-11T12:04:11.919017Z,2020-02-11T12:04:24.544048Z
SG,0x0014,NA,2020-02-11T12:04:33.794139Z,2020-02-11T12:05:02.294291Z
SG,0x0014,NA,2020-02-11T12:05:49.044524Z,2020-02-11T12:05:58.919572Z
SG,0x0014,NA,2020-02-11T12:06:16.794642Z,2020-02-11T12:06:28.169722Z
SG,0x0014,NA,2020-02-11T12:06:33.919824Z,2020-02-11T12:06:40.294858Z
AC,0x0014,0x003D,2020-02-11T12:06:58.669948Z,2020-02-11T12:06:59.044944Z
W,0x0014,NA,2020-02-11T12:07:01.294896Z,2020-02-11T12:07:04.294936Z
W,0x0014,NA,2020-02-11T12:07:07.419929Z,2020-02-11T12:07:13.795077Z
AC,0x0014,0x0032,2020-02-11T12:07:32.045076Z,2020-02-11T12:07:33.420065Z
AC,0x0014,0x0009,2020-02-11T12:07:49.670218Z,2020-02-11T12:07:49.920230Z
AC,0x0014,0x0009,2020-02-11T12:08:12.170331Z,2020-02-11T12:08:14.420345Z
AC,0x0014,0x0040,2020-02-11T12:08:58.170596Z,2020-02-11T12:09:00.170600Z
W,0x0014,NA,2020-02-11T12:09:02.545526Z,2020-02-11T12:09:09.045576Z
AC,0x0014,0x0002,2020-02-11T12:09:34.420787Z,2020-02-11T12:09:35.420719Z
W,0x0014,NA,2020-02-11T12:09:59.295918Z,2020-02-11T12:10:04.420879Z
T,0x0014,0x0038,2020-02-11T12:10:28.171017Z,2020-02-11T12:10:35.671102Z
W,0x0014,NA,2020-02-11T12:10:58.921172Z,2020-02-11T12:11:02.171272Z
W,0x0014,NA,2020-02-11T12:14:31.047366Z,2020-02-11T12:14:32.547353Z
AC,0x0014,0x002C,2020-02-11T12:14:32.922398Z,2020-02-11T12:14:33.547307Z
W,0x0014,NA,2020-02-11T12:14:34.047358Z,2020-02-11T12:14:37.797416Z
AC,0x0014,0x001B,2020-02-11T12:14:52.422491Z,2020-02-11T12:14:54.172423Z
AC,0x0014,0x0012,2020-02-11T12:15:29.672631Z,2020-02-11T12:15:41.422760Z
AC,0x0014,0x0013,2020-02-11T12:16:26.672996Z,2020-02-11T12:16:27.798013Z
AC,0x0014,0x0041,2020-02-11T12:16:39.798078Z,2020-02-11T12:16:40.548075Z
SG,0x0014,NA,2020-02-11T12:17:42.548344Z,2020-02-11T12:18:22.298628Z
SG,0x0014,NA,2020-02-11T12:20:05.549109Z,2020-02-11T12:20:19.424261Z
SG,0x0014,NA,2020-02-11T12:20:21.299267Z,2020-02-11T12:20:25.924292Z
SG,0x0014,NA,2020-02-11T12:20:58.299402Z,2020-02-11T12:21:14.049502Z
W,0x0014,NA,2020-02-11T12:21:54.174776Z,2020-02-11T12:21:57.799799Z
W,0x0014,NA,2020-02-11T12:22:45.924996Z,2020-02-11T12:22:49.675074Z
SG,0x0014,NA,2020-02-11T12:23:15.175206Z,2020-02-11T12:23:34.165655Z
R,0x0015,NA,2020-02-11T11:56:25.666590Z,2020-02-11T11:56:31.541551Z
R,0x0015,NA,2020-02-11T11:58:02.667120Z,2020-02-11T11:59:21.667547Z
R,0x0015,NA,2020-02-11T12:02:08.668421Z,2020-02-11T12:02:31.418466Z
R,0x0015,NA,2020-02-11T12:03:24.418747Z,2020-02-11T12:03:51.918966Z
R,0x0015,NA,2020-02-11T12:06:30.544733Z,2020-02-11T12:08:18.295324Z
R,0x0015,NA,2020-02-11T12:09:10.545598Z,2020-02-11T12:09:19.545662Z
R,0x0015,NA,2020-02-11T12:11:26.921369Z,2020-02-11T12:12:07.546596Z
R,0x0015,NA,2020-02-11T12:12:52.921854Z,2020-02-11T12:13:45.297063Z
R,0x0015,NA,2020-02-11T12:14:41.172375Z,2020-02-11T12:17:03.048133Z
R,0x0015,NA,2020-02-11T12:17:42.673404Z,2020-02-11T12:18:30.423673Z
W,0x0015,NA,2020-02-11T12:20:44.424399Z,2020-02-11T12:20:49.549361Z
W,0x0015,NA,2020-02-11T12:21:19.424585Z,2020-02-11T12:21:24.924523Z
AC,0x0015,0x0014,2020-02-11T12:21:25.424610Z,2020-02-11T12:21:25.799623Z
R,0x0016,NA,2020-02-11T11:54:55.541012Z,2020-02-11T11:55:05.416077Z
R,0x0016,NA,2020-02-11T11:55:22.416233Z,2020-02-11T11:55:54.541344Z
AC,0x0016,0x0035,2020-02-11T11:56:03.041467Z,2020-02-11T11:56:10.416489Z
AC,0x0016,0x0019,2020-02-11T11:57:22.041820Z,2020-02-11T11:57:25.541850Z
R,0x0016,NA,2020-02-11T11:58:02.042056Z,2020-02-11T11:58:19.417154Z
R,0x0016,NA,2020-02-11T11:58:34.292295Z,2020-02-11T11:58:53.542322Z
AC,0x0016,0x0041,2020-02-11T11:58:57.292424Z,2020-02-11T11:58:59.042367Z
R,0x0016,NA,2020-02-11T11:59:36.417632Z,2020-02-11T12:00:15.167824Z
T,0x0016,0x0037,2020-02-11T12:00:15.167824Z,2020-02-11T12:00:26.667882Z
R,0x0016,NA,2020-02-11T12:00:26.667882Z,2020-02-11T12:01:49.418249Z
AC,0x0016,0x000B,2020-02-11T12:02:18.293396Z,2020-02-11T12:02:19.793477Z
R,0x0016,NA,2020-02-11T12:02:58.293677Z,2020-02-11T12:03:24.543754Z
R,0x0016,NA,2020-02-11T12:03:45.543854Z,2020-02-11T12:04:18.794110Z
AC,0x0016,0x002C,2020-02-11T12:04:24.669129Z,2020-02-11T12:04:25.544085Z
AC,0x0016,0x002C,2020-02-11T12:04:36.669202Z,2020-02-11T12:04:37.044132Z
AC,0x0016,0x0024,2020-02-11T12:04:55.919251Z,2020-02-11T12:04:57.294318Z
AC,0x0016,0x0041,2020-02-11T12:05:56.544552Z,2020-02-11T12:06:00.669636Z
W,0x0016,NA,2020-02-11T12:06:15.544633Z,2020-02-11T12:06:17.169729Z
SG,0x0016,NA,2020-02-11T12:09:36.420785Z,2020-02-11T12:09:47.045776Z
W,0x0016,NA,2020-02-11T12:09:49.170854Z,2020-02-11T12:09:50.295873Z
AC,0x0016,0x0009,2020-02-11T12:09:51.795872Z,2020-02-11T12:09:52.920819Z
W,0x0016,NA,2020-02-11T12:09:55.545827Z,2020-02-11T12:09:59.045850Z
AC,0x0016,0x0012,2020-02-11T12:10:27.296008Z,2020-02-11T12:10:29.171066Z
R,0x0016,NA,2020-02-11T12:10:45.296156Z,2020-02-11T12:10:55.046154Z
AC,0x0016,0x001F,2020-02-11T12:10:59.296177Z,2020-02-11T12:11:00.546176Z
AC,0x0016,0x002F,2020-02-11T12:11:04.046213Z,2020-02-11T12:11:07.421217Z
W,0x0016,NA,2020-02-11T12:14:52.297432Z,2020-02-11T12:14:54.297432Z
AC,0x0016,0x001C,2020-02-11T12:14:55.422514Z,2020-02-11T12:14:56.547499Z
AC,0x0016,0x0045,2020-02-11T12:19:21.674188Z,2020-02-11T12:19:22.923867Z
AC,0x0016,0x0043,2020-02-11T12:19:25.173968Z,2020-02-11T12:19:28.673990Z
AC,0x0017,0x0023,2020-02-11T11:54:01.790799Z,2020-02-11T11:54:03.540738Z
AC,0x0017,0x002B,2020-02-11T11:54:06.040767Z,2020-02-11T11:54:06.290813Z
SG,0x0017,NA,2020-02-11T11:55:09.166167Z,2020-02-11T11:55:11.166183Z
W,0x0017,NA,2020-02-11T11:55:11.416113Z,2020-02-11T11:55:14.791199Z
W,0x0017,NA,2020-02-11T11:55:25.291269Z,2020-02-11T11:55:33.291299Z
SG,0x0017,NA,2020-02-11T11:55:58.916437Z,2020-02-11T11:56:08.791461Z
AC,0x0017,0x0043,2020-02-11T11:56:30.916564Z,2020-02-11T11:56:32.041564Z
AC,0x0017,0x0024,2020-02-11T11:56:43.541620Z,2020-02-11T11:56:44.291695Z
AC,0x0017,0x001C,2020-02-11T11:57:07.291820Z,2020-02-11T11:57:08.666816Z
W,0x0017,NA,2020-02-11T11:57:37.416913Z,2020-02-11T11:57:43.167007Z
AC,0x0017,0x000B,2020-02-11T11:57:58.792065Z,2020-02-11T11:58:00.417106Z
W,0x0017,NA,2020-02-11T11:58:03.542054Z,2020-02-11T11:58:05.542079Z
AC,0x0017,0x0001,2020-02-11T11:58:08.042067Z,2020-02-11T11:58:08.417152Z
AC,0x0017,0x002A,2020-02-11T12:00:10.917805Z,2020-02-11T12:00:15.667824Z
AC,0x0017,0x0026,2020-02-11T12:00:26.667882Z,2020-02-11T12:00:27.667876Z
AC,0x0017,0x0024,2020-02-11T12:00:48.542931Z,2020-02-11T12:00:50.042951Z
SG,0x0017,NA,2020-02-11T12:01:06.168085Z,2020-02-11T12:01:23.043130Z
SG,0x0017,NA,2020-02-11T12:01:39.168252Z,2020-02-11T12:02:26.168507Z
SG,0x0017,NA,2020-02-11T12:02:31.168531Z,2020-02-11T12:02:44.543542Z
W,0x0017,NA,2020-02-11T12:02:57.293674Z,2020-02-11T12:03:02.543635Z
SG,0x0017,NA,2020-02-11T12:03:12.793745Z,2020-02-11T12:03:16.918775Z
W,0x0017,NA,2020-02-11T12:03:41.793895Z,2020-02-11T12:03:45.543854Z
SG,0x0017,NA,2020-02-11T12:04:08.669333Z,2020-02-11T12:04:16.169099Z
SG,0x0017,NA,2020-02-11T12:04:33.294091Z,2020-02-11T12:04:41.794236Z
W,0x0017,NA,2020-02-11T12:06:46.919798Z,2020-02-11T12:06:49.294894Z
SG,0x0017,NA,2020-02-11T12:07:27.920109Z,2020-02-11T12:07:32.420131Z
AC,0x0017,0x0026,2020-02-11T12:08:43.545445Z,2020-02-11T12:08:45.670511Z
SG,0x0017,NA,2020-02-11T12:08:55.170495Z,2020-02-11T12:09:06.170638Z
SG,0x0017,NA,2020-02-11T12:09:11.420596Z,2020-02-11T12:09:37.670795Z
AC,0x0017,0x0026,2020-02-11T12:10:03.545866Z,2020-02-11T12:10:04.420879Z
AC,0x0017,0x0034,2020-02-11T12:10:26.171054Z,2020-02-11T12:10:27.546003Z
SG,0x0017,NA,2020-02-11T12:11:05.046208Z,2020-02-11T12:11:06.296222Z
SG,0x0017,NA,2020-02-11T12:11:08.046214Z,2020-02-11T12:11:09.546237Z
W,0x0017,NA,2020-02-11T12:11:10.046208Z,2020-02-11T12:11:10.796309Z
AC,0x0017,0x002E,2020-02-11T12:11:24.921373Z,2020-02-11T12:11:25.046306Z
SG,0x0017,NA,2020-02-11T12:11:52.921519Z,2020-02-11T12:12:28.046663Z
SG,0x0017,NA,2020-02-11T12:12:32.046642Z,2020-02-11T12:12:41.046776Z
AC,0x0017,0x0025,2020-02-11T12:13:01.547074Z,2020-02-11T12:13:02.421841Z
W,0x0017,NA,2020-02-11T12:13:14.671966Z,2020-02-11T12:13:16.421987Z
W,0x0017,NA,2020-02-11T12:13:23.172016Z,2020-02-11T12:13:26.546983Z
W,0x0017,NA,2020-02-11T12:14:03.922232Z,2020-02-11T12:14:05.922243Z
SG,0x0017,NA,2020-02-11T12:14:09.422268Z,2020-02-11T12:14:14.547299Z
AC,0x0017,0x0044,2020-02-11T12:15:08.297522Z,2020-02-11T12:15:09.047583Z
SG,0x0017,NA,2020-02-11T12:15:10.797884Z,2020-02-11T12:15:16.547563Z
SG,0x0017,NA,2020-02-11T12:15:21.047649Z,2020-02-11T12:15:38.172677Z
SG,0x0017,NA,2020-02-11T12:15:46.922785Z,2020-02-11T12:16:05.672812Z
SG,0x0017,NA,2020-02-11T12:16:12.922926Z,2020-02-11T12:16:25.798240Z
AC,0x0017,0x0024,2020-02-11T12:16:26.172928Z,2020-02-11T12:16:31.173033Z
SG,0x0017,NA,2020-02-11T12:16:33.798033Z,2020-02-11T12:16:36.298049Z
W,0x0017,NA,2020-02-11T12:18:10.673560Z,2020-02-11T12:18:15.923528Z
SG,0x0017,NA,2020-02-11T12:18:16.423535Z,2020-02-11T12:19:15.298848Z
SG,0x0017,NA,2020-02-11T12:19:56.549069Z,2020-02-11T12:20:41.674379Z
SG,0x0017,NA,2020-02-11T12:20:51.549375Z,2020-02-11T12:22:00.549749Z
SG,0x0017,NA,2020-02-11T12:22:39.924979Z,2020-02-11T12:23:34.165655Z
SG,0x0019,NA,2020-02-11T11:54:11.415778Z,2020-02-11T11:54:13.540775Z
W,0x0019,NA,2020-02-11T11:54:15.040865Z,2020-02-11T11:54:19.165894Z
SG,0x0019,NA,2020-02-11T11:54:22.915919Z,2020-02-11T11:54:26.665935Z
AC,0x0019,0x0020,2020-02-11T11:54:27.165934Z,2020-02-11T11:54:31.665952Z
AC,0x0019,0x0006,2020-02-11T11:54:46.040971Z,2020-02-11T11:54:46.291247Z
W,0x0019,NA,2020-02-11T11:54:51.540997Z,2020-02-11T11:54:56.291083Z
AC,0x0019,0x0020,2020-02-11T11:54:58.916031Z,2020-02-11T11:54:59.291068Z
AC,0x0019,0x003E,2020-02-11T11:55:03.166120Z,2020-02-11T11:55:10.041117Z
W,0x0019,NA,2020-02-11T11:55:20.041171Z,2020-02-11T11:55:29.291291Z
W,0x0019,NA,2020-02-11T11:55:47.916384Z,2020-02-11T11:55:49.166383Z
W,0x0019,NA,2020-02-11T11:56:10.291417Z,2020-02-11T11:56:12.541440Z
W,0x0019,NA,2020-02-11T11:56:15.166529Z,2020-02-11T11:56:17.291534Z
AC,0x0019,0x0043,2020-02-11T11:56:58.291752Z,2020-02-11T11:56:58.916753Z
AC,0x0019,0x0016,2020-02-11T11:57:20.666799Z,2020-02-11T11:57:28.291928Z
R,0x0019,NA,2020-02-11T11:57:58.292097Z,2020-02-11T11:58:15.292182Z
R,0x0019,NA,2020-02-11T11:58:39.417225Z,2020-02-11T11:58:56.667379Z
R,0x0019,NA,2020-02-11T11:59:22.667554Z,2020-02-11T11:59:35.042617Z
R,0x0019,NA,2020-02-11T11:59:40.792636Z,2020-02-11T12:00:42.167959Z
AC,0x0019,0x0016,2020-02-11T12:00:59.293053Z,2020-02-11T12:01:00.293060Z
AC,0x0019,0x0016,2020-02-11T12:01:03.543016Z,2020-02-11T12:01:09.918129Z
AC,0x0019,0x0036,2020-02-11T12:01:33.043232Z,2020-02-11T12:01:33.668233Z
W,0x0019,NA,2020-02-11T12:01:39.043261Z,2020-02-11T12:01:41.793522Z
W,0x0019,NA,2020-02-11T12:01:51.168331Z,2020-02-11T12:01:52.293337Z
W,0x0019,NA,2020-02-11T12:02:20.543413Z,2020-02-11T12:02:21.543411Z
AC,0x0019,0x001F,2020-02-11T12:02:38.793582Z,2020-02-11T12:02:39.543524Z
R,0x0019,NA,2020-02-11T12:02:50.793642Z,2020-02-11T12:03:21.668795Z
SG,0x0019,NA,2020-02-11T12:03:24.918765Z,2020-02-11T12:03:35.168867Z
AC,0x0019,0x002C,2020-02-11T12:03:38.168900Z,2020-02-11T12:03:38.918827Z
W,0x0019,NA,2020-02-11T12:03:48.543895Z,2020-02-11T12:03:53.418905Z
AC,0x0019,0x002B,2020-02-11T12:04:07.044051Z,2020-02-11T12:04:07.669044Z
SG,0x0019,NA,2020-02-11T12:04:24.544048Z,2020-02-11T12:04:42.794231Z
AC,0x0019,0x0044,2020-02-11T12:04:43.919248Z,2020-02-11T12:04:44.544146Z
R,0x0019,NA,2020-02-11T12:05:00.294322Z,2020-02-11T12:05:06.669362Z
R,0x0019,NA,2020-02-11T12:05:28.544407Z,2020-02-11T12:05:35.044479Z
R,0x0019,NA,2020-02-11T12:05:39.294528Z,2020-02-11T12:05:50.294589Z
AC,0x0019,0x0040,2020-02-11T12:06:03.544606Z,2020-02-11T12:06:06.794677Z
R,0x0019,NA,2020-02-11T12:06:33.169822Z,2020-02-11T12:06:42.919828Z
R,0x0019,NA,2020-02-11T12:06:51.419846Z,2020-02-11T12:07:02.919970Z
R,0x0019,NA,2020-02-11T12:07:25.295081Z,2020-02-11T12:07:32.045076Z
R,0x0019,NA,2020-02-11T12:07:36.295165Z,2020-02-11T12:08:02.420288Z
R,0x0019,NA,2020-02-11T12:08:15.545295Z,2020-02-11T12:08:32.420455Z
R,0x0019,NA,2020-02-11T12:08:51.545490Z,2020-02-11T12:10:13.795924Z
W,0x0019,NA,2020-02-11T12:10:26.171054Z,2020-02-11T12:10:30.046003Z
W,0x0019,NA,2020-02-11T12:10:59.046171Z,2020-02-11T12:11:01.546176Z
W,0x0019,NA,2020-02-11T12:11:18.421350Z,2020-02-11T12:11:25.421382Z
AC,0x0019,0x0022,2020-02-11T12:11:26.046324Z,2020-02-11T12:11:26.671630Z
W,0x0019,NA,2020-02-11T12:11:28.171335Z,2020-02-11T12:11:30.796344Z
AC,0x0019,0x0037,2020-02-11T12:11:43.046396Z,2020-02-11T12:11:44.921492Z
W,0x0019,NA,2020-02-11T12:12:14.421643Z,2020-02-11T12:12:19.796668Z
W,0x0019,NA,2020-02-11T12:12:58.421881Z,2020-02-11T12:13:09.796881Z
AC,0x0019,0x0022,2020-02-11T12:13:12.046880Z,2020-02-11T12:13:12.421894Z
AC,0x0019,0x002F,2020-02-11T12:13:20.546990Z,2020-02-11T12:13:22.672009Z
SG,0x0019,NA,2020-02-11T12:15:51.172755Z,2020-02-11T12:15:54.047825Z
W,0x0019,NA,2020-02-11T12:16:11.047920Z,2020-02-11T12:16:18.422945Z
AC,0x0019,0x002E,2020-02-11T12:16:19.922993Z,2020-02-11T12:16:22.047969Z
W,0x0019,NA,2020-02-11T12:16:23.922935Z,2020-02-11T12:16:35.047970Z
W,0x0019,NA,2020-02-11T12:16:46.673099Z,2020-02-11T12:16:50.048055Z
W,0x0019,NA,2020-02-11T12:17:30.048249Z,2020-02-11T12:17:31.673598Z
AC,0x0019,0x003D,2020-02-11T12:17:31.673598Z,2020-02-11T12:17:40.423351Z
W,0x0019,NA,2020-02-11T12:17:51.923416Z,2020-02-11T12:17:54.548423Z
AC,0x0019,0x0023,2020-02-11T12:17:56.423408Z,2020-02-11T12:17:58.673496Z
SG,0x0019,NA,2020-02-11T12:18:02.798524Z,2020-02-11T12:18:12.548499Z
SG,0x0019,NA,2020-02-11T12:18:15.298548Z,2020-02-11T12:18:16.923534Z
SG,0x0019,NA,2020-02-11T12:18:19.298524Z,2020-02-11T12:18:31.923670Z
W,0x0019,NA,2020-02-11T12:18:34.298690Z,2020-02-11T12:18:34.798700Z
W,0x0019,NA,2020-02-11T12:18:45.173698Z,2020-02-11T12:18:51.673727Z
AC,0x0019,0x002F,2020-02-11T12:19:34.923946Z,2020-02-11T12:19:35.424261Z
R,0x0019,NA,2020-02-11T12:20:16.674245Z,2020-02-11T12:20:40.924307Z
R,0x0019,NA,2020-02-11T12:20:51.674437Z,2020-02-11T12:21:08.424474Z
AC,0x0019,0x0041,2020-02-11T12:21:25.799623Z,2020-02-11T12:21:27.174631Z
R,0x0019,NA,2020-02-11T12:21:47.174737Z,2020-02-11T12:21:53.424721Z
AC,0x0019,0x0005,2020-02-11T12:21:58.424752Z,2020-02-11T12:21:59.549749Z
W,0x0019,NA,2020-02-11T12:22:02.174820Z,2020-02-11T12:22:06.049758Z
AC,0x0019,0x003A,2020-02-11T12:23:09.675191Z,2020-02-11T12:23:09.925192Z
R,0x001A,NA,2020-02-11T11:53:56.165765Z,2020-02-11T11:54:20.165899Z
TQ,0x001A,NA,2020-02-11T12:04:29.794130Z,2020-02-11T12:04:32.669175Z
GQ,0x001A,NA,2020-02-11T12:05:43.044481Z,2020-02-11T12:07:05.919994Z
SG,0x001A,NA,2020-02-11T12:07:17.045049Z,2020-02-11T12:07:43.045095Z
SG,0x001A,NA,2020-02-11T12:07:43.045095Z,2020-02-11T12:08:49.670539Z
GQ,0x001A,NA,2020-02-11T12:08:51.295557Z,2020-02-11T12:08:59.795606Z
SG,0x001A,NA,2020-02-11T12:10:31.171084Z,2020-02-11T12:10:58.171223Z
R,0x001A,NA,2020-02-11T12:11:58.421556Z,2020-02-11T12:12:12.296572Z
R,0x001A,NA,2020-02-11T12:12:31.046718Z,2020-02-11T12:13:23.547018Z
R,0x001A,NA,2020-02-11T12:13:39.172107Z,2020-02-11T12:14:42.547367Z
R,0x001A,NA,2020-02-11T12:14:56.297429Z,2020-02-11T12:15:19.422627Z
AC,0x001A,0x0039,2020-02-11T12:16:42.548083Z,2020-02-11T12:16:43.673093Z
TB,0x001A,NA,2020-02-11T12:16:56.298160Z,2020-02-11T12:17:51.673463Z
CB,0x001A,NA,2020-02-11T12:17:52.923403Z,2020-02-11T12:17:57.548436Z
TB,0x001A,NA,2020-02-11T12:18:00.673538Z,2020-02-11T12:18:25.673653Z
TB,0x001A,NA,2020-02-11T12:21:00.924424Z,2020-02-11T12:21:20.174581Z
W,0x001B,NA,2020-02-11T11:53:54.540690Z,2020-02-11T11:53:59.165777Z
AC,0x001B,0x0022,2020-02-11T11:54:01.790799Z,2020-02-11T11:54:03.290747Z
AC,0x001B,0x0044,2020-02-11T12:02:29.418468Z,2020-02-11T12:02:30.793528Z
W,0x001B,NA,2020-02-11T12:02:44.918633Z,2020-02-11T12:02:45.418539Z
AC,0x001B,0x001C,2020-02-11T12:02:45.668607Z,2020-02-11T12:02:46.793627Z
W,0x001B,NA,2020-02-11T12:02:47.793568Z,2020-02-11T12:02:55.043611Z
W,0x001B,NA,2020-02-11T12:02:57.668675Z,2020-02-11T12:03:30.293851Z
SG,0x001B,NA,2020-02-11T12:03:45.043932Z,2020-02-11T12:03:52.918967Z
SG,0x001B,NA,2020-02-11T12:04:04.918959Z,2020-02-11T12:04:06.418964Z
SG,0x001B,NA,2020-02-11T12:04:09.418983Z,2020-02-11T12:04:41.919175Z
SG,0x001B,NA,2020-02-11T12:04:48.794225Z,2020-02-11T12:05:02.419262Z
SG,0x001B,NA,2020-02-11T12:05:57.669625Z,2020-02-11T12:07:11.920014Z
T,0x001B,0x0002,2020-02-11T12:07:34.420136Z,2020-02-11T12:08:10.795259Z
AC,0x001B,0x0025,2020-02-11T12:08:38.670478Z,2020-02-11T12:08:48.420492Z
SG,0x001B,NA,2020-02-11T12:08:58.170596Z,2020-02-11T12:09:34.170779Z
AC,0x001B,0x0002,2020-02-11T12:10:18.170939Z,2020-02-11T12:10:24.420995Z
AC,0x001B,0x0002,2020-02-11T12:11:12.171304Z,2020-02-11T12:11:14.546263Z
W,0x001B,NA,2020-02-11T12:11:38.421455Z,2020-02-11T12:11:42.046399Z
W,0x001B,NA,2020-02-11T12:11:47.421489Z,2020-02-11T12:11:51.296466Z
W,0x001B,NA,2020-02-11T12:11:55.796468Z,2020-02-11T12:12:00.671574Z
W,0x001B,NA,2020-02-11T12:12:09.921612Z,2020-02-11T12:12:13.171663Z
AC,0x001B,0x0009,2020-02-11T12:12:13.296590Z,2020-02-11T12:12:13.921640Z
AC,0x001B,0x0003,2020-02-11T12:12:16.296590Z,2020-02-11T12:12:21.296604Z
AC,0x001B,0x002E,2020-02-11T12:12:39.421692Z,2020-02-11T12:12:47.546844Z
AC,0x001B,0x001D,2020-02-11T12:13:06.921928Z,2020-02-11T12:13:07.797026Z
AC,0x001B,0x0040,2020-02-11T12:13:12.672202Z,2020-02-11T12:13:13.046901Z
AC,0x001B,0x0026,2020-02-11T12:13:32.922068Z,2020-02-11T12:13:37.922094Z
R,0x001B,NA,2020-02-11T12:14:20.422336Z,2020-02-11T12:14:25.422281Z
AC,0x001B,0x0014,2020-02-11T12:14:48.922478Z,2020-02-11T12:14:54.172423Z
W,0x001B,NA,2020-02-11T12:15:05.297501Z,2020-02-11T12:15:06.672574Z
AC,0x001B,0x0039,2020-02-11T12:15:14.422610Z,2020-02-11T12:15:15.922624Z
AC,0x001B,0x0040,2020-02-11T12:15:35.547720Z,2020-02-11T12:15:37.297734Z
AC,0x001B,0x0024,2020-02-11T12:16:01.297860Z,2020-02-11T12:16:04.922871Z
AC,0x001B,0x0043,2020-02-11T12:16:08.547827Z,2020-02-11T12:16:08.922829Z
W,0x001B,NA,2020-02-11T12:16:39.423075Z,2020-02-11T12:16:41.673033Z
AC,0x001B,0x0025,2020-02-11T12:16:47.298123Z,2020-02-11T12:16:47.673102Z
R,0x001B,NA,2020-02-11T12:18:12.298581Z,2020-02-11T12:18:16.423535Z
AC,0x001B,0x0003,2020-02-11T12:23:33.925318Z,2020-02-11T12:23:34.165655Z
,0x001C,,,
,0x001C,,,
,0x001C,,,
,0x001C,,,
,0x001C,,,
,0x001C,,,
,0x001C,,,
,0x001C,,,
,0x001C,,,
,0x001C,,,
,0x001C,,,
,0x001C,,,
,0x001C,,,
,0x001C,,,
,0x001C,,,
,0x001C,,,
,0x001C,,,
,0x001C,,,
,0x001C,,,
,0x001C,,,
,0x001C,,,
,0x001C,,,
,0x001C,,2020-02-11T11:53:34.165655Z,
,0x001C,,2020-02-11T12:23:34.165655Z,
,0x001C,,,
